Date,Alkalinity,pH,SO4,Fe,Acidity,
2016-03-07,70,6.34,2318.00,50,156,
2016-03-08,88,6.59,2317.38,55,168,
2016-03-09,110,6.54,2316.76,62,190,
2016-03-10,112,6.53,2316.14,68,188,
2016-03-11,106,6.61,2315.52,75,180,
2016-03-12,104,6.63,2314.90,72,178,
2016-03-13,102,6.64,2314.28,68,176,
2016-03-14,100,6.66,2313.66,65,174,
2016-03-15,108,6.65,2313.03,65,196,
2016-03-16,104,6.68,2312.41,80,194,
2016-03-17,102,6.72,2311.79,85,182,
2016-03-18,116,6.58,2311.17,56,200,
2016-03-19,116,6.60,2310.55,61,197,
2016-03-20,117,6.62,2309.93,66,194,
2016-03-21,117,6.64,2309.31,70,190,
2016-03-22,118,6.66,2308.69,75,187,
2016-03-23,118,6.68,2308.07,80,184,
2016-03-24,117,6.67,2307.45,78,186,
2016-03-25,115,6.66,2306.83,75,187,
2016-03-26,114,6.65,2306.21,73,189,
2016-03-27,113,6.63,2305.59,70,191,
2016-03-28,111,6.62,2304.97,68,192,
2016-03-29,110,6.61,2304.34,65,194,
2016-03-30,110,6.58,2303.72,85,196,
2016-03-31,105,6.57,2303.10,80,200,
2016-04-01,96,6.58,2302.48,90,192,
2016-04-02,103,6.59,2301.86,85,203,
2016-04-03,110,6.60,2301.24,80,213,
2016-04-04,109,6.58,2300.62,75,213,
2016-04-05,108,6.56,2300.00,70,212,
2016-04-06,110,6.61,2299.99,70,234,
2016-04-07,108,6.34,2299.97,70,208,
2016-04-08,122,6.40,2299.96,90,226,
2016-04-09,116,6.47,2299.94,85,228,
2016-04-10,110,6.54,2299.93,80,230,
2016-04-11,104,6.52,2299.91,70,224,
2016-04-12,114,6.49,2299.90,80,234,
2016-04-13,108,6.50,2299.88,95,223,
2016-04-14,114,6.38,2299.87,75,220,
2016-04-15,117,6.49,2299.86,60,212,
2016-04-16,112,6.47,2299.84,60,213,
2016-04-17,106,6.44,2299.83,60,214,
2016-04-18,108,6.51,2299.81,90,206,
2016-04-19,104,6.48,2299.80,55,206,
2016-04-20,100,6.52,2299.78,50,221,
2016-04-21,110,6.62,2299.77,85,220,
2016-04-22,107,6.62,2299.75,83,213,
2016-04-23,103,6.61,2299.74,82,207,
2016-04-24,100,6.61,2299.72,80,200,
2016-04-25,106,6.53,2299.71,75,214,
2016-04-26,104,6.46,2299.70,75,214,
2016-04-27,106,6.51,2299.68,75,207,
2016-04-28,108,6.56,2299.67,75,200,
2016-04-29,126,6.56,2299.65,75,200,
2016-04-30,145,6.56,2299.64,75,200,
2016-05-01,163,6.56,2299.62,75,200,
2016-05-02,182,6.56,2299.61,75,200,
2016-05-03,200,6.56,2299.59,75,200,
2016-05-04,102,6.55,2299.58,65,186,
2016-05-05,111,6.49,2299.57,60,196,
2016-05-06,120,6.42,2299.55,55,206,
2016-05-07,119,6.46,2299.54,58,194,
2016-05-08,118,6.50,2299.52,60,181,
2016-05-09,102,6.42,2299.51,70,192,
2016-05-10,124,6.59,2299.49,60,212,
2016-05-11,121,6.55,2299.48,63,211,
2016-05-12,118,6.50,2299.46,65,210,
2016-05-13,118,6.50,2299.45,55,200,
2016-05-14,119,6.49,2299.43,55,207,
2016-05-15,120,6.48,2299.42,55,214,
2016-05-16,130,6.65,2299.41,60,208,
2016-05-17,122,6.50,2299.39,55,194,
2016-05-18,118,6.48,2299.38,65,200,
2016-05-19,122,6.54,2299.36,60,206,
2016-05-20,124,6.49,2299.35,50,206,
2016-05-21,126,6.46,2299.33,53,196,
2016-05-22,128,6.42,2299.32,55,186,
2016-05-23,102,6.61,2299.30,65,190,
2016-05-24,130,6.58,2299.29,60,192,
2016-05-25,114,6.58,2299.28,70,192,
2016-05-26,124,6.53,2299.26,55,196,
2016-05-27,126,6.53,2299.25,54,188,
2016-05-28,124,6.56,2299.23,53,187,
2016-05-29,122,6.59,2299.22,52,187,
2016-05-30,120,6.62,2299.20,51,186,
2016-05-31,126,6.96,2299.19,50,173,
2016-06-01,119,6.69,2299.17,50,170,
2016-06-02,122,6.80,2299.16,50,178,
2016-06-03,94,6.55,2299.14,32,162,
2016-06-04,113,6.64,2299.13,46,165,
2016-06-05,131,6.72,2299.12,60,167,
2016-06-06,122,6.76,2299.10,55,172,
2016-06-07,126,6.88,2299.09,50,190,
2016-06-08,128,6.80,2299.07,55,142,
2016-06-09,124,6.86,2299.06,45,174,
2016-06-10,126,6.93,2299.04,65,162,
2016-06-11,127,6.95,2299.03,60,161,
2016-06-12,128,6.96,2299.01,55,160,
2016-06-13,112,6.73,2299.00,55,148,
2016-06-14,122,6.75,2298.83,50,172,
2016-06-15,124,6.72,2298.67,52,158,
2016-06-16,126,6.76,2298.50,53,162,
2016-06-17,128,6.80,2298.33,55,166,
2016-06-18,128,6.78,2298.17,57,167,
2016-06-19,128,6.76,2298.00,58,168,
2016-06-20,135,6.75,2297.83,60,175,
2016-06-21,128,6.73,2297.67,62,177,
2016-06-22,131,6.79,2297.50,63,176,
2016-06-23,131,6.75,2297.33,65,176,
2016-06-24,118,6.72,2297.17,65,175,
2016-06-25,128,6.85,2297.00,68,176,
2016-06-26,138,6.97,2296.83,70,176,
2016-06-27,122,6.71,2296.67,55,160,
2016-06-28,120,7.01,2296.50,45,156,
2016-06-29,127,6.98,2296.33,70,158,
2016-06-30,128,6.94,2296.17,45,170,
2016-07-01,125,6.88,2296.00,50,180,
2016-07-02,127,6.91,2295.83,53,175,
2016-07-03,129,6.93,2295.67,55,170,
2016-07-04,124,6.96,2295.50,70,169,
2016-07-05,120,6.94,2295.33,70,176,
2016-07-06,116,6.90,2295.17,70,167,
2016-07-07,116,6.96,2295.00,50,171,
2016-07-08,111,6.86,2294.83,60,180,
2016-07-09,115,6.85,2294.67,58,174,
2016-07-10,118,6.83,2294.50,55,168,
2016-07-11,101,6.89,2294.33,60,160,
2016-07-12,103,6.90,2294.17,59,159,
2016-07-13,104,6.91,2294.00,57,159,
2016-07-14,106,6.92,2293.83,56,158,
2016-07-15,107,6.93,2293.67,54,158,
2016-07-16,109,6.94,2293.50,53,157,
2016-07-17,110,6.95,2293.33,51,157,
2016-07-18,112,6.96,2293.17,50,156,
2016-07-19,109,6.91,2293.00,40,162,
2016-07-20,92,6.88,2292.83,35,156,
2016-07-21,116,6.88,2292.67,50,148,
2016-07-22,100,6.75,2292.50,50,144,
2016-07-23,107,6.76,2292.33,48,149,
2016-07-24,113,6.76,2292.17,47,155,
2016-07-25,120,6.77,2292.00,45,160,
2016-07-26,113,6.82,2291.80,36,178,
2016-07-27,116,6.86,2291.60,50,172,
2016-07-28,120,6.86,2291.40,60,176,
2016-07-29,118,6.77,2291.20,70,167,
2016-07-30,115,6.76,2291.00,65,163,
2016-07-31,111,6.76,2290.80,60,158,
2016-08-01,108,6.75,2290.60,55,154,
2016-08-02,121,6.80,2290.40,60,174,
2016-08-03,120,6.79,2290.20,60,178,
2016-08-04,118,6.78,2290.00,60,182,
2016-08-05,110,6.87,2289.80,60,168,
2016-08-06,113,6.84,2289.60,64,163,
2016-08-07,115,6.80,2289.40,67,159,
2016-08-08,118,6.77,2289.20,71,154,
2016-08-09,117,6.77,2289.00,69,166,
2016-08-10,116,6.77,2288.80,67,177,
2016-08-11,118,6.59,2288.60,65,174,
2016-08-12,122,6.59,2288.40,70,170,
2016-08-13,121,6.63,2288.20,66,171,
2016-08-14,121,6.67,2288.00,61,171,
2016-08-15,120,6.71,2287.80,57,172,
2016-08-16,120,6.63,2287.60,58,164,
2016-08-17,117,6.74,2287.40,56,156,
2016-08-18,124,6.77,2287.20,64,154,
2016-08-19,116,6.57,2287.00,60,168,
2016-08-20,120,6.61,2285.00,60,163,
2016-08-21,124,6.65,2283.00,60,157,
2016-08-22,128,6.69,2281.00,60,152,
2016-08-23,124,6.68,2279.00,59,146,
2016-08-24,132,6.78,2277.00,62,146,
2016-08-25,120,6.74,2275.00,60,154,
2016-08-26,120,6.79,2273.00,59,154,
2016-08-27,122,6.79,2271.00,59,157,
2016-08-28,124,6.80,2269.00,58,159,
2016-08-29,126,6.80,2267.00,58,162,
2016-08-30,100,6.74,2265.57,55,153,
2016-08-31,129,6.83,2264.14,47,144,
2016-09-01,120,6.82,2262.71,42,142,
2016-09-02,100,6.90,2261.29,29,144,
2016-09-03,93,6.83,2259.86,27,117,
2016-09-04,85,6.76,2258.43,24,91,
2016-09-05,78,6.69,2257.00,22,64,
2016-09-06,78,6.63,2255.57,35,94,
2016-09-07,120,6.80,2254.14,45,110,
2016-09-08,124,6.83,2252.71,45,118,
2016-09-09,120,6.83,2251.29,46,114,
2016-09-10,119,6.86,2249.86,43,107,
2016-09-11,117,6.89,2248.43,40,101,
2016-09-12,116,6.92,2247.00,36,94,
2016-09-13,130,6.87,2229.00,47,122,
2016-09-14,130,6.92,2214.00,34,112,
2016-09-15,122,6.86,2247.60,34,106,
2016-09-16,114,6.80,2281.20,33,100,
2016-09-17,115,6.81,2314.80,34,98,
2016-09-18,115,6.81,2348.40,35,96,
2016-09-19,116,6.82,2382.00,36,94,
2016-09-20,124,6.86,2451.00,38,97,
2016-09-21,114,6.80,2490.00,32,100,
2016-09-22,122,6.77,2442.00,29,104,
2016-09-23,126,6.73,2514.00,35,112,
2016-09-24,126,6.79,2497.00,33,107,
2016-09-25,126,6.85,2480.00,32,103,
2016-09-26,126,6.91,2463.00,30,98,
2016-09-27,128,6.83,2442.00,32,106,
2016-09-28,110,7.06,2478.00,36,102,
2016-09-29,131,7.03,2442.00,31,92,
2016-09-30,129,6.91,2547.00,25,106,
2016-10-01,128,6.96,2507.00,26,97,
2016-10-02,127,7.02,2467.00,28,87,
2016-10-03,126,7.07,2427.00,29,78,
2016-10-04,140,7.08,2337.00,29,78,
2016-10-05,146,6.99,2583.00,19,82,
2016-10-06,136,6.98,2472.00,22,88,
2016-10-07,138,6.89,2490.00,18,82,
2016-10-08,138,6.92,2500.00,19,79,
2016-10-09,138,6.94,2510.00,20,75,
2016-10-10,138,6.97,2520.00,20,72,
2016-10-11,126,6.93,2532.00,28,68,
2016-10-12,138,7.08,2490.00,23,80,
2016-10-13,140,6.97,2433.00,35,80,
2016-10-14,136,6.90,2424.00,23,72,
2016-10-15,135,6.94,2418.00,22,74,
2016-10-16,135,6.97,2412.00,20,76,
2016-10-17,134,7.01,2406.00,19,78,
2016-10-18,142,6.95,2451.00,25,84,
2016-10-19,140,6.98,2466.00,24,74,
2016-10-20,136,7.01,2358.00,23,74,
2016-10-21,132,7.03,2358.00,22,74,
2016-10-22,134,7.04,2372.00,22,73,
2016-10-23,136,7.06,2386.00,21,73,
2016-10-24,138,7.07,2400.00,21,72,
2016-10-25,127,6.86,2388.00,14,68,
2016-10-26,140,6.97,2382.00,28,90,
2016-10-27,140,6.97,2421.00,18,78,
2016-10-28,110,6.85,2385.00,14,64,
2016-10-29,117,6.88,2360.00,15,65,
2016-10-30,123,6.90,2335.00,16,67,
2016-10-31,130,6.93,2310.00,17,68,
2016-11-01,132,7.10,2394.00,19,64,
2016-11-02,138,7.02,2391.00,18,72,
2016-11-03,134,6.96,2466.00,16,64,
2016-11-04,128,6.95,2397.00,15,64,
2016-11-05,126,6.95,2420.00,15,63,
2016-11-06,123,6.96,2443.00,16,63,
2016-11-07,121,6.96,2466.00,16,62,
2016-11-08,131,6.96,2412.00,23,80,
2016-11-09,135,6.99,2457.00,26,86,
2016-11-10,128,7.04,2433.00,30,75,
2016-11-11,134,6.90,2307.00,24,83,
2016-11-12,130,6.92,2350.00,27,85,
2016-11-13,127,6.94,2393.00,29,88,
2016-11-14,123,6.96,2436.00,32,90,
2016-11-15,124,6.91,2448.00,33,85,
2016-11-16,120,6.95,2418.00,34,76,
2016-11-17,118,6.91,2466.00,30,81,
2016-11-18,124,6.93,2442.00,38,87,
2016-11-19,127,6.94,2415.00,38,87,
2016-11-20,129,6.95,2388.00,39,88,
2016-11-21,132,6.96,2361.00,39,88,
2016-11-22,123,6.69,2439.00,33,103,
2016-11-23,136,6.98,2355.00,32,110,
2016-11-24,140,6.85,2382.00,34,115,
2016-11-25,132,6.89,2445.00,43,120,
2016-11-26,130,6.88,2442.00,42,118,
2016-11-27,129,6.88,2439.00,40,115,
2016-11-28,127,6.87,2436.00,39,113,
2016-11-29,129,6.92,2454.00,37,112,
2016-11-30,120,6.78,2457.00,26,76,
2016-12-01,128,6.83,2427.00,32,92,
2016-12-02,126,6.71,2382.00,29,104,
2016-12-03,131,6.76,2385.00,33,107,
2016-12-04,137,6.82,2388.00,36,109,
2016-12-05,142,6.87,2391.00,40,112,
2016-12-06,128,6.87,2430.00,34,106,
2016-12-07,125,6.91,2406.00,43,118,
2016-12-08,123,6.91,2382.00,32,117,
2016-12-09,120,6.80,2427.00,38,114,
2016-12-10,121,6.85,2432.00,38,113,
2016-12-11,122,6.89,2437.00,38,111,
2016-12-12,123,6.94,2442.00,38,110,
2016-12-13,129,6.92,2373.00,34,106,
2016-12-14,129,6.93,2364.00,36,104,
2016-12-15,134,6.92,2388.00,35,106,
2016-12-16,132,6.92,2382.00,35,105,
2016-12-17,130,6.91,2376.00,35,104,
2016-12-18,128,6.91,2370.00,35,103,
2016-12-19,126,6.90,2364.00,34,102,
2016-12-20,140,6.88,2409.00,39,120,
2016-12-21,138,6.94,2388.00,42,112,
2016-12-22,138,6.88,2346.00,36,114,
2016-12-23,138,6.87,2328.00,39,124,
2016-12-24,139,6.89,2327.40,41,124,
2016-12-25,140,6.92,2326.80,42,124,
2016-12-26,140,6.94,2326.20,43,124,
2016-12-27,141,6.97,2325.60,45,124,
2016-12-28,142,6.99,2325.00,46,124,
2016-12-29,142,6.88,2343.00,34,128,
2016-12-30,142,6.94,2127.00,42,128,
2016-12-31,142,6.94,2193.00,40,125,
2017-01-01,141,6.93,2259.00,39,121,
2017-01-02,141,6.93,2325.00,37,118,
2017-01-03,140,6.92,2391.00,36,114,
2017-01-04,138,6.94,2406.00,41,116,
2017-01-05,140,6.96,2403.00,40,116,
2017-01-06,130,6.91,2388.00,35,120,
2017-01-07,129,6.93,2356.00,34,119,
2017-01-08,129,6.94,2324.00,34,117,
2017-01-09,128,6.96,2292.00,33,116,
2017-01-10,130,6.96,2376.00,39,120,
2017-01-11,122,6.94,2361.00,42,122,
2017-01-12,118,6.89,2334.00,36,122,
2017-01-13,107,6.83,2352.00,39,114,
2017-01-14,113,6.84,2331.00,43,119,
2017-01-15,118,6.85,2310.00,47,125,
2017-01-16,124,6.86,2289.00,51,130,
2017-01-17,122,6.84,2301.00,45,120,
2017-01-18,116,6.88,2304.00,45,124,
2017-01-19,120,6.92,2133.00,42,122,
2017-01-20,120,6.82,2406.00,45,132,
2017-01-21,121,6.82,2375.00,44,128,
2017-01-22,123,6.82,2344.00,44,125,
2017-01-23,124,6.82,2313.00,43,121,
2017-01-24,116,6.78,2319.00,38,126,
2017-01-25,126,6.86,2226.00,45,142,
2017-01-26,127,6.79,2229.00,49,138,
2017-01-27,128,6.84,2232.00,44,138,
2017-01-28,135,6.88,2235.00,45,132,
2017-01-29,141,6.93,2238.00,46,126,
2017-01-30,148,6.97,2241.00,46,120,
2017-01-31,128,6.78,1956.00,46,128,
2017-02-01,118,6.77,2262.00,43,124,
2017-02-02,114,6.79,2193.00,48,138,
2017-02-03,112,6.72,2313.00,44,138,
2017-02-04,113,6.72,2298.00,48,144,
2017-02-05,113,6.73,2283.00,52,150,
2017-02-06,114,6.73,2268.00,57,156,
2017-02-07,112,6.78,2241.00,53,140,
2017-02-08,110,6.69,2259.00,48,140,
2017-02-09,110,6.76,2247.00,33,140,
2017-02-10,106,6.67,2271.00,52,160,
2017-02-11,105,6.66,2247.00,54,161,
2017-02-12,103,6.66,2223.00,55,161,
2017-02-13,102,6.65,2199.00,57,162,
2017-02-14,104,6.71,2133.00,51,156,
2017-02-15,112,6.73,2094.00,57,166,
2017-02-16,112,6.67,2013.00,50,154,
2017-02-17,114,6.73,2067.00,48,166,
2017-02-18,118,6.75,2080.00,51,153,
2017-02-19,122,6.78,2093.00,53,139,
2017-02-20,126,6.80,2106.00,56,126,
2017-02-21,114,6.96,2112.00,45,152,
2017-02-22,115,6.80,2073.00,38,145,
2017-02-23,124,6.79,2076.00,43,152,
2017-02-24,113,6.86,1980.00,52,156,
2017-02-25,114,6.83,2007.00,51,155,
2017-02-26,114,6.81,2034.00,51,155,
2017-02-27,115,6.78,2061.00,51,154,
2017-02-28,112,6.79,2093.00,55,144,
2017-03-01,114,6.78,2125.00,50,140,
2017-03-02,112,6.80,2157.00,48,130,
2017-03-03,117,6.83,2178.00,49,136,
2017-03-04,116,6.82,2189.00,46,142,
2017-03-05,116,6.82,2200.00,44,147,
2017-03-06,115,6.81,2211.00,41,153,
2017-03-07,108,6.73,2172.00,41,149,
2017-03-08,111,6.63,2202.00,53,146,
2017-03-09,93,6.69,2223.00,44,150,
2017-03-10,117,6.87,2217.00,52,159,
2017-03-11,114,6.80,2239.00,52,161,
2017-03-12,110,6.74,2261.00,53,163,
2017-03-13,107,6.67,2283.00,53,165,
2017-03-14,116,6.74,2256.00,53,166,
2017-03-15,111,6.78,2175.00,56,159,
2017-03-16,116,6.73,2193.00,54,161,
2017-03-17,120,6.83,2286.00,52,160,
2017-03-18,121,6.83,2256.00,53,156,
2017-03-19,122,6.82,2226.00,53,153,
2017-03-20,123,6.82,2196.00,53,149,
2017-03-21,117,6.74,2227.50,46,148,
2017-03-22,110,6.65,2259.00,39,146,
2017-03-23,137,6.79,2304.00,48,160,
2017-03-24,118,6.86,2100.00,49,155,
2017-03-25,127,6.87,2146.00,55,158,
2017-03-26,135,6.89,2192.00,60,161,
2017-03-27,144,6.90,2238.00,65,164,
2017-03-28,127,6.82,2182.50,59,155,
2017-03-29,110,6.73,2127.00,53,145,
2017-03-30,126,6.83,2352.00,49,134,
2017-03-31,114,6.88,2310.00,54,147,
2017-04-01,115,6.86,2312.00,54,154,
2017-04-02,116,6.83,2314.00,54,160,
2017-04-03,117,6.81,2316.00,54,167,
2017-04-04,124,6.84,2295.00,57,152,
2017-04-05,97,6.85,2394.00,60,169,
2017-04-06,127,6.79,2349.00,61,173,
2017-04-07,167,6.82,2208.00,65,186,
2017-04-08,153,6.83,2247.00,61,180,
2017-04-09,140,6.84,2286.00,57,173,
2017-04-10,126,6.85,2325.00,54,167,
2017-04-11,125,6.68,2205.00,49,158,
2017-04-12,121,6.86,2145.00,57,147,
2017-04-13,143,6.86,2223.00,56,148,
2017-04-14,139,6.87,2232.00,54,147,
2017-04-15,135,6.89,2241.00,53,146,
2017-04-16,132,6.90,2250.00,52,145,
2017-04-17,128,6.92,2259.00,50,144,
2017-04-18,124,6.93,2268.00,49,143,
2017-04-19,127,6.86,2325.00,52,136,
2017-04-20,130,6.95,2331.00,54,142,
2017-04-21,134,6.89,2253.00,54,151,
2017-04-22,134,6.91,2251.00,55,153,
2017-04-23,135,6.94,2249.00,56,156,
2017-04-24,135,6.96,2247.00,57,158,
2017-04-25,142,6.93,2217.00,53,139,
2017-04-26,121,6.95,2280.00,52,132,
2017-04-27,128,6.94,2304.00,51,133,
2017-04-28,134,6.93,2328.00,50,134,
2017-04-29,133,6.95,2318.25,51,134,
2017-04-30,132,6.96,2308.50,51,134,
2017-05-01,131,6.98,2298.75,52,134,
2017-05-02,130,6.99,2289.00,53,134,
2017-05-03,116,6.67,2310.00,39,120,
2017-05-04,132,7.07,2265.00,52,154,
2017-05-05,126,6.95,2256.00,57,144,
2017-05-06,121,7.00,2239.00,55,139,
2017-05-07,117,7.04,2222.00,54,135,
2017-05-08,112,7.09,2205.00,52,130,
2017-05-09,131,6.97,2271.00,53,136,
2017-05-10,105,6.80,2274.00,50,148,
2017-05-11,122,6.90,2205.00,64,164,
2017-05-12,118,6.97,2280.00,65,154,
2017-05-13,113,6.96,2227.00,66,161,
2017-05-14,107,6.94,2174.00,66,169,
2017-05-15,102,6.93,2121.00,67,176,
2017-05-16,110,6.88,2113.00,69,178,
2017-05-17,90,6.77,2151.00,65,104,
2017-05-18,114,6.98,2139.00,70,172,
2017-05-19,108,6.90,2076.00,67,168,
2017-05-20,107,6.92,2103.00,61,161,
2017-05-21,105,6.95,2130.00,55,153,
2017-05-22,104,6.97,2157.00,48,146,
2017-05-23,126,6.91,2208.00,53,130,
2017-05-24,104,6.97,2274.00,45,124,
2017-05-25,110,6.92,2220.00,54,140,
2017-05-26,132,6.87,2154.00,59,144,
2017-05-27,124,6.85,2184.00,59,146,
2017-05-28,116,6.83,2214.00,60,149,
2017-05-29,107,6.80,2244.00,60,151,
2017-05-30,99,6.78,2274.00,60,153,
2017-05-31,102,6.83,2244.00,57,148,
2017-06-01,99,6.75,2271.00,63,156,
2017-06-02,107,6.81,2262.00,59,154,
2017-06-03,106,6.81,2259.00,61,157,
2017-06-04,105,6.80,2256.00,63,159,
2017-06-05,104,6.80,2253.00,65,162,
2017-06-06,104,6.80,2247.00,69,164,
2017-06-07,89,6.95,2250.00,71,166,
2017-06-08,89,6.89,2175.00,73,155,
2017-06-09,94,6.83,2199.00,70,164,
2017-06-10,94,6.86,2200.00,70,158,
2017-06-11,94,6.90,2201.00,70,152,
2017-06-12,94,6.93,2202.00,70,146,
2017-06-13,98,6.84,2229.00,73,170,
2017-06-14,87,6.96,2196.00,76,167,
2017-06-15,86,6.85,2250.00,76,163,
2017-06-16,88,6.84,2245.50,77,165,
2017-06-17,90,6.83,2241.00,78,166,
2017-06-18,91,6.81,2236.50,79,168,
2017-06-19,93,6.80,2232.00,79,169,
2017-06-20,97,6.78,2220.00,82,174,
2017-06-21,97,6.89,2172.00,82,170,
2017-06-22,108,6.57,2298.00,82,184,
2017-06-23,121,6.68,2325.00,80,188,
2017-06-24,117,6.73,2299.00,79,183,
2017-06-25,112,6.77,2273.00,77,178,
2017-06-26,108,6.82,2247.00,76,173,
2017-06-27,121,6.87,2313.00,76,170,
2017-06-28,122,6.89,2337.00,73,162,
2017-06-29,116,6.97,2331.00,71,166,
2017-06-30,108,6.86,2277.00,68,163,
2017-07-01,109,6.88,2257.00,68,158,
2017-07-02,109,6.91,2237.00,68,153,
2017-07-03,110,6.93,2217.00,68,148,
2017-07-04,109,6.91,2310.00,73,154,
2017-07-05,122,6.96,2310.00,72,152,
2017-07-06,124,7.09,2301.00,70,164,
2017-07-07,126,7.02,2304.00,68,162,
2017-07-08,127,7.00,2312.00,68,161,
2017-07-09,128,6.97,2320.00,68,160,
2017-07-10,129,6.95,2328.00,68,159,
2017-07-11,126,6.90,2316.00,65,153,
2017-07-12,118,6.97,2382.00,67,144,
2017-07-13,114,7.01,2301.00,66,140,
2017-07-14,111,6.87,2298.00,65,146,
2017-07-15,117,6.94,2203.00,70,153,
2017-07-16,122,7.01,2108.00,75,160,
2017-07-17,128,7.08,2013.00,79,167,
2017-07-18,141,6.94,2136.00,88,192,
2017-07-19,121,7.07,2160.00,71,161,
2017-07-20,124,7.11,2160.00,68,158,
2017-07-21,128,6.77,2166.00,75,160,
2017-07-22,131,6.80,2182.00,77,168,
2017-07-23,134,6.82,2198.00,78,175,
2017-07-24,137,6.85,2214.00,80,183,
2017-07-25,134,6.87,2253.00,80,184,
2017-07-26,135,7.11,2262.00,80,183,
2017-07-27,133,7.06,2268.00,84,188,
2017-07-28,128,6.94,2340.00,83,186,
2017-07-29,128,6.95,2341.00,82,186,
2017-07-30,128,6.97,2342.00,81,185,
2017-07-31,128,6.98,2343.00,81,185,
2017-08-01,133,6.78,2367.00,84,196,
2017-08-02,146,6.87,2298.00,81,205,
2017-08-03,129,7.02,2217.00,80,200,
2017-08-04,141,6.89,2310.00,74,198,
2017-08-05,139,6.92,2300.00,75,196,
2017-08-06,136,6.94,2290.00,77,194,
2017-08-07,134,6.97,2280.00,78,192,
2017-08-08,140,6.92,2334.00,76,198,
2017-08-09,141,6.94,2292.00,75,184,
2017-08-10,141,6.96,2250.00,73,169,
2017-08-11,142,6.95,2301.00,67,174,
2017-08-12,142,6.93,2276.00,69,179,
2017-08-13,141,6.92,2251.00,70,184,
2017-08-14,141,6.90,2226.00,71,189,
2017-08-15,133,6.83,2370.00,75,182,
2017-08-16,133,6.87,2377.50,73,180,
2017-08-17,133,6.91,2385.00,72,177,
2017-08-18,151,7.11,2427.00,59,151,
2017-08-19,147,7.07,2391.00,64,160,
2017-08-20,144,7.02,2355.00,69,168,
2017-08-21,140,6.98,2319.00,73,177,
2017-08-22,111,6.95,2268.00,71,170,
2017-08-23,132,6.84,2370.00,74,176,
2017-08-24,120,6.95,2349.00,77,192,
2017-08-25,124,7.00,2376.00,67,161,
2017-08-26,127,6.89,2339.00,71,179,
2017-08-27,129,6.77,2302.00,75,198,
2017-08-28,132,6.66,2265.00,80,216,
2017-08-29,122,6.90,2247.00,75,174,
2017-08-30,106,6.80,2397.00,62,170,
2017-08-31,119,6.93,2361.00,73,146,
2017-09-01,121,6.89,2355.00,73,177,
2017-09-02,117,6.91,2332.00,75,175,
2017-09-03,114,6.92,2309.00,76,174,
2017-09-04,110,6.94,2286.00,78,172,
2017-09-05,121,6.85,2439.00,78,188,
2017-09-06,120,7.02,2382.00,78,180,
2017-09-07,117,7.01,2412.00,77,168,
2017-09-08,134,6.73,2364.00,79,202,
2017-09-09,132,6.75,2374.00,80,203,
2017-09-10,131,6.77,2384.00,82,203,
2017-09-11,129,6.79,2394.00,84,204,
2017-09-12,134,6.78,2409.00,85,209,
2017-09-13,120,6.76,2451.00,84,201,
2017-09-14,129,6.74,2442.00,83,215,
2017-09-15,136,6.71,2391.00,84,216,
2017-09-16,128,6.72,2351.00,83,212,
2017-09-17,120,6.73,2311.00,82,208,
2017-09-18,112,6.74,2271.00,81,204,
2017-09-19,121,6.76,2394.00,71,190,
2017-09-20,106,6.88,2361.00,68,170,
2017-09-21,106,6.80,2283.00,70,166,
2017-09-22,110,6.76,2328.00,72,170,
2017-09-23,111,6.80,2310.75,67,162,
2017-09-24,111,6.84,2293.50,63,153,
2017-09-25,112,6.87,2276.25,58,145,
2017-09-26,112,6.91,2259.00,54,136,
2017-09-27,106,7.06,2373.00,49,122,
2017-09-28,110,6.99,2352.00,49,114,
2017-09-29,112,7.11,2268.00,41,102,
2017-09-30,107,7.11,2282.00,39,95,
2017-10-01,103,7.10,2296.00,37,89,
2017-10-02,98,7.10,2310.00,35,82,
2017-10-03,100,7.06,2361.00,36,94,
2017-10-04,90,7.13,2292.00,33,96,
2017-10-05,110,7.29,2145.00,37,85,
2017-10-06,106,7.18,2268.00,34,86,
2017-10-07,105,7.13,2193.00,34,87,
2017-10-08,103,7.09,2118.00,33,89,
2017-10-09,102,7.04,2043.00,33,90,
2017-10-10,108,7.18,2205.00,33,92,
2017-10-11,100,7.15,2220.00,33,88,
2017-10-12,114,7.22,2289.00,32,86,
2017-10-13,108,7.06,2193.00,34,92,
2017-10-14,106,7.07,2249.00,32,91,
2017-10-15,104,7.08,2305.00,31,89,
2017-10-16,102,7.09,2361.00,30,88,
2017-10-17,104,7.10,2250.00,32,84,
2017-10-18,104,7.11,2310.00,31,86,
2017-10-19,108,7.06,2247.00,31,84,
2017-10-20,106,7.06,2220.00,31,86,
2017-10-21,105,7.06,2202.00,31,85,
2017-10-22,103,7.07,2184.00,31,85,
2017-10-23,102,7.07,2166.00,32,84,
2017-10-24,108,7.08,2160.00,32,86,
2017-10-25,112,6.96,2322.00,26,76,
2017-10-26,110,7.11,2235.00,29,86,
2017-10-27,116,7.04,2274.00,27,90,
2017-10-28,118,7.06,2247.00,26,87,
2017-10-29,121,7.09,2220.00,25,83,
2017-10-30,123,7.11,2193.00,25,80,
2017-10-31,118,7.10,2244.00,23,78,
2017-11-01,115,7.19,2239.50,24,78,
2017-11-02,112,7.27,2235.00,26,78,
2017-11-03,114,7.10,2196.00,23,72,
2017-11-04,115,7.13,2199.00,22,73,
2017-11-05,115,7.17,2202.00,22,74,
2017-11-06,116,7.20,2205.00,22,75,
2017-11-07,106,7.09,2238.00,23,82,
2017-11-08,108,7.17,2253.00,25,82,
2017-11-09,110,7.21,2178.00,26,83,
2017-11-10,110,7.20,2194.50,26,83,
2017-11-11,110,7.18,2211.00,26,84,
2017-11-12,110,7.17,2227.50,26,84,
2017-11-13,110,7.15,2244.00,25,84,
2017-11-14,114,7.16,2161.50,27,86,
2017-11-15,117,7.16,2079.00,28,88,
2017-11-16,118,7.19,2148.00,23,78,
2017-11-17,122,7.27,2082.00,25,74,
2017-11-18,122,7.26,2077.00,23,74,
2017-11-19,121,7.26,2072.00,21,73,
2017-11-20,121,7.25,2067.00,19,73,
2017-11-21,118,7.17,2133.00,18,70,
2017-11-22,116,7.27,2220.00,19,71,
2017-11-23,120,7.27,2235.00,18,67,
2017-11-24,121,7.20,2223.00,15,58,
2017-11-25,125,7.25,2223.00,18,55,
2017-11-26,129,7.31,2223.00,21,51,
2017-11-27,133,7.36,2223.00,24,48,
2017-11-28,120,7.12,2223.00,27,68,
2017-11-29,108,6.91,2223.00,42,100,
2017-11-30,115,7.10,2145.00,34,90,
2017-12-01,112,6.82,2109.00,57,136,
2017-12-02,111,6.76,2147.00,63,156,
2017-12-03,109,6.69,2185.00,69,176,
2017-12-04,108,6.63,2223.00,75,196,
2017-12-05,104,6.54,2316.00,87,188,
2017-12-06,108,6.57,2256.00,79,198,
2017-12-07,144,6.68,2286.00,82,240,
2017-12-08,117,6.76,2268.00,77,202,
2017-12-09,113,6.73,2244.00,80,211,
2017-12-10,109,6.69,2220.00,83,219,
2017-12-11,105,6.66,2196.00,86,228,
2017-12-12,112,6.54,2202.00,94,254,
2017-12-13,94,6.59,2124.00,88,222,
2017-12-14,106,6.62,2101.50,94,228,
2017-12-15,96,6.57,2079.00,100,242,
2017-12-16,98,6.55,2142.00,101,253,
2017-12-17,101,6.53,2205.00,103,265,
2017-12-18,103,6.51,2268.00,104,276,
2017-12-19,102,6.41,2262.00,96,254,
2017-12-20,99,6.49,2211.00,111,264,
2017-12-21,101,6.48,2289.00,102,264,
2017-12-22,110,6.48,2244.00,109,276,
2017-12-23,109,6.47,2253.00,107,273,
2017-12-24,107,6.47,2262.00,105,270,
2017-12-25,106,6.46,2271.00,103,266,
2017-12-26,104,6.46,2280.00,101,263,
2017-12-27,103,6.45,2289.00,99,260,
2017-12-28,105,6.50,2235.00,99,262,
2017-12-29,163,6.95,2271.00,103,230,
2017-12-30,145,6.91,2283.00,90,206,
2017-12-31,127,6.88,2295.00,77,182,
2018-01-01,109,6.84,2307.00,64,158,
2018-01-02,91,6.80,2319.00,52,134,
2018-01-03,95,6.76,2355.00,54,132,
2018-01-04,94,6.72,2304.00,56,148,
2018-01-05,124,6.96,2283.00,54,140,
2018-01-06,114,6.83,2302.00,57,150,
2018-01-07,104,6.71,2321.00,60,160,
2018-01-08,94,6.58,2340.00,63,170,
2018-01-09,96,6.70,2109.00,67,171,
2018-01-10,103,6.70,2091.00,74,188,
2018-01-11,113,6.82,2157.00,76,190,
2018-01-12,128,6.83,2145.00,73,189,
2018-01-13,115,6.74,2128.00,74,192,
2018-01-14,102,6.66,2111.00,75,194,
2018-01-15,89,6.57,2094.00,76,197,
2018-01-16,109,6.58,2262.00,78,212,
2018-01-17,103,6.62,2217.00,79,205,
2018-01-18,102,6.54,2277.00,84,210,
2018-01-19,105,6.53,2244.00,84,212,
2018-01-20,101,6.53,2243.00,88,217,
2018-01-21,98,6.54,2242.00,91,223,
2018-01-22,94,6.54,2241.00,94,228,
2018-01-23,95,6.43,2277.00,91,227,
2018-01-24,91,6.46,2208.00,89,230,
2018-01-25,100,6.91,2220.00,85,206,
2018-01-26,109,6.55,2229.00,90,214,
2018-01-27,107,6.62,2168.00,81,194,
2018-01-28,106,6.68,2107.00,72,175,
2018-01-29,104,6.75,2046.00,62,155,
2018-01-30,105,6.75,2088.00,53,143,
2018-01-31,99,6.86,2088.00,53,146,
2018-02-01,103,6.76,2085.00,59,152,
2018-02-02,101,6.75,2106.00,61,168,
2018-02-03,98,6.73,2134.00,66,174,
2018-02-04,95,6.71,2162.00,70,180,
2018-02-05,92,6.69,2190.00,74,186,
2018-02-06,94,6.66,2199.00,79,195,
2018-02-07,94,6.56,2172.00,81,220,
2018-02-08,100,6.57,2271.00,85,218,
2018-02-09,95,6.56,2181.00,85,220,
2018-02-10,95,6.56,2174.00,86,221,
2018-02-11,94,6.57,2167.00,88,221,
2018-02-12,94,6.57,2160.00,89,222,
2018-02-13,90,6.47,2136.00,93,235,
2018-02-14,88,6.54,2130.00,94,242,
2018-02-15,88,6.50,2184.00,101,241,
2018-02-16,86,6.44,2202.00,94,254,
2018-02-17,85,6.48,2178.00,98,254,
2018-02-18,85,6.52,2154.00,102,254,
2018-02-19,84,6.56,2130.00,105,254,
2018-02-20,78,6.42,2121.00,118,256,
2018-02-21,84,6.46,2109.00,92,218,
2018-02-22,90,6.50,2124.00,91,230,
2018-02-23,86,6.49,2109.00,86,227,
2018-02-24,86,6.49,2109.00,87,227,
2018-02-25,87,6.49,2109.00,87,226,
2018-02-26,87,6.49,2109.00,88,226,
2018-02-27,87,6.54,2172.00,90,224,
2018-02-28,86,6.53,2193.00,91,225,
2018-03-01,84,6.53,2181.00,82,214,
2018-03-02,85,6.71,2151.00,81,212,
2018-03-03,85,6.67,2150.00,82,213,
2018-03-04,84,6.64,2149.00,83,215,
2018-03-05,84,6.60,2148.00,85,216,
2018-03-06,87,6.56,2157.00,80,210,
2018-03-07,88,6.54,2118.00,81,212,
2018-03-08,87,6.53,2112.00,84,212,
2018-03-09,89,6.65,2106.00,79,206,
2018-03-10,86,6.59,2089.00,79,207,
2018-03-11,83,6.53,2072.00,79,207,
2018-03-12,80,6.47,2055.00,79,208,
2018-03-13,84,6.45,2115.00,82,198,
2018-03-14,96,6.55,2106.00,80,200,
2018-03-15,92,6.72,2082.00,80,176,
2018-03-16,90,6.67,2130.00,79,198,
2018-03-17,91,6.62,2119.00,81,202,
2018-03-18,92,6.58,2108.00,82,205,
2018-03-19,93,6.53,2097.00,84,209,
2018-03-20,94,6.75,2139.00,72,195,
2018-03-21,101,6.73,2152.50,66,169,
2018-03-22,107,6.71,2166.00,60,142,
2018-03-23,110,6.78,2199.00,60,140,
2018-03-24,111,6.80,2209.00,56,140,
2018-03-25,111,6.81,2219.00,51,141,
2018-03-26,112,6.83,2229.00,47,141,
2018-03-27,144,7.18,2205.00,56,140,
2018-03-28,100,6.77,2043.00,46,114,
2018-03-29,118,6.96,2064.00,48,122,
2018-03-30,115,6.93,2081.40,49,125,
2018-03-31,112,6.90,2098.80,49,128,
2018-04-01,108,6.86,2116.20,50,130,
2018-04-02,105,6.83,2133.60,50,133,
2018-04-03,102,6.80,2151.00,51,136,
2018-04-04,108,6.83,1995.00,52,126,
2018-04-05,102,6.89,2118.00,52,112,
2018-04-06,100,6.91,2115.00,53,116,
2018-04-07,105,6.87,2100.00,52,122,
2018-04-08,111,6.84,2085.00,52,128,
2018-04-09,116,6.80,2070.00,52,134,
2018-04-10,110,6.94,2097.00,53,146,
2018-04-11,109,6.89,2047.50,55,139,
2018-04-12,108,6.83,1998.00,57,132,
2018-04-13,104,6.96,2052.00,56,146,
2018-04-14,106,6.94,1997.25,56,142,
2018-04-15,108,6.93,1942.50,56,138,
2018-04-16,110,6.91,1887.75,56,134,
2018-04-17,112,6.89,1833.00,56,130,
2018-04-18,110,6.78,2022.00,56,148,
2018-04-19,112,6.90,1965.00,56,140,
2018-04-20,110,6.71,1974.00,53,142,
2018-04-21,111,6.71,2000.00,54,141,
2018-04-22,111,6.71,2026.00,54,139,
2018-04-23,112,6.71,2052.00,55,138,
2018-04-24,110,6.86,2211.00,53,142,
2018-04-25,104,6.77,2112.00,56,146,
2018-04-26,108,6.85,2181.00,57,136,
2018-04-27,110,6.83,2184.00,58,140,
2018-04-28,111,6.82,2187.00,59,144,
2018-04-29,113,6.80,2190.00,59,148,
2018-04-30,114,6.78,2193.00,60,152,
2018-05-01,115,6.78,2133.00,60,151,
2018-05-02,116,6.78,2073.00,60,150,
2018-05-03,112,6.95,2046.00,61,146,
2018-05-04,106,6.94,2076.00,61,148,
2018-05-05,107,6.92,2152.00,61,145,
2018-05-06,109,6.91,2228.00,61,143,
2018-05-07,110,6.89,2304.00,61,140,
2018-05-08,104,6.77,2022.00,61,144,
2018-05-09,84,6.76,2097.00,57,168,
2018-05-10,87,6.58,2115.00,84,200,
2018-05-11,123,6.87,2334.00,62,144,
2018-05-12,125,6.78,2289.00,59,142,
2018-05-13,128,6.68,2244.00,56,141,
2018-05-14,130,6.59,2199.00,53,139,
2018-05-15,106,6.78,2358.00,64,152,
2018-05-16,116,6.82,2349.00,64,172,
2018-05-17,126,6.75,2271.00,65,172,
2018-05-18,124,6.81,2304.00,64,172,
2018-05-19,123,6.81,2295.00,65,167,
2018-05-20,121,6.81,2286.00,66,162,
2018-05-21,120,6.81,2277.00,66,157,
2018-05-22,128,6.85,2343.00,62,176,
2018-05-23,122,6.91,2298.00,66,172,
2018-05-24,120,6.88,2277.00,61,158,
2018-05-25,130,7.10,2322.00,62,168,
2018-05-26,125,7.06,2368.00,62,162,
2018-05-27,119,7.01,2414.00,62,156,
2018-05-28,114,6.97,2460.00,62,150,
2018-05-29,122,6.84,2385.00,62,170,
2018-05-30,126,6.93,2172.00,64,158,
2018-05-31,138,6.90,2358.00,62,146,
2018-06-01,96,7.00,2277.00,62,148,
2018-06-02,106,6.93,2294.00,62,153,
2018-06-03,117,6.85,2311.00,62,158,
2018-06-04,127,6.78,2328.00,61,163,
2018-06-05,131,6.86,2388.00,62,168,
2018-06-06,127,6.80,2361.00,59,163,
2018-06-07,123,6.74,2334.00,56,158,
2018-06-08,128,6.89,2349.00,59,170,
2018-06-09,129,6.88,2347.00,60,171,
2018-06-10,129,6.88,2345.00,60,171,
2018-06-11,130,6.87,2343.00,60,172,
2018-06-12,131,6.93,2334.00,60,170,
2018-06-13,128,6.89,2310.00,60,168,
2018-06-14,134,7.00,2328.00,64,167,
2018-06-15,136,6.99,2343.00,60,160,
2018-06-16,136,6.95,2328.00,62,162,
2018-06-17,135,6.90,2313.00,64,163,
2018-06-18,135,6.86,2298.00,65,165,
2018-06-19,135,6.84,2286.00,59,162,
2018-06-20,134,6.72,2298.00,65,158,
2018-06-21,138,7.00,2274.00,66,161,
2018-06-22,136,7.06,2232.00,66,165,
2018-06-23,137,7.01,2229.00,63,163,
2018-06-24,137,6.95,2226.00,60,162,
2018-06-25,138,6.90,2223.00,57,160,
2018-06-26,134,6.95,2238.00,53,157,
2018-06-27,136,6.82,2178.00,57,169,
2018-06-28,128,7.14,2202.00,56,152,
2018-06-29,134,6.91,2208.00,58,150,
2018-06-30,133,6.95,2145.00,61,150,
2018-07-01,131,6.98,2082.00,63,150,
2018-07-02,130,7.02,2019.00,66,150,
2018-07-03,132,7.20,2169.00,58,140,
2018-07-04,134,6.79,2160.00,61,144,
2018-07-05,132,7.05,2088.00,65,144,
2018-07-06,136,7.05,2190.00,61,148,
2018-07-07,137,7.03,2150.00,61,149,
2018-07-08,139,7.00,2110.00,61,149,
2018-07-09,140,6.98,2070.00,61,150,
2018-07-10,140,6.95,2154.00,58,142,
2018-07-11,138,6.85,2124.00,63,140,
2018-07-12,140,7.02,2061.00,66,150,
2018-07-13,142,7.00,2226.00,54,160,
2018-07-14,142,7.00,2152.00,58,157,
2018-07-15,142,7.01,2078.00,62,153,
2018-07-16,142,7.01,2004.00,66,150,
2018-07-17,142,7.18,2031.00,71,152,
2018-07-18,138,6.91,2079.00,70,134,
2018-07-19,130,7.04,2004.00,63,126,
2018-07-20,142,6.83,2067.00,65,144,
2018-07-21,142,6.84,2096.00,67,152,
2018-07-22,142,6.85,2125.00,68,160,
2018-07-23,142,6.86,2154.00,70,168,
2018-07-24,142,6.96,2073.00,78,166,
2018-07-25,136,6.86,2106.00,75,166,
2018-07-26,140,6.92,2082.00,66,166,
2018-07-27,142,6.92,2136.00,66,156,
2018-07-28,143,6.88,2126.00,69,160,
2018-07-29,145,6.85,2116.00,71,164,
2018-07-30,146,6.81,2106.00,74,168,
2018-07-31,144,6.77,2127.00,65,164,
2018-08-01,140,6.85,2166.00,64,157,
2018-08-02,136,6.93,2205.00,63,150,
2018-08-03,140,6.72,2256.00,56,150,
2018-08-04,141,6.75,2205.00,59,154,
2018-08-05,143,6.78,2154.00,62,158,
2018-08-06,144,6.81,2103.00,65,162,
2018-08-07,145,6.89,2223.00,64,160,
2018-08-08,134,6.77,2187.00,64,160,
2018-08-09,132,6.83,2107.50,65,155,
2018-08-10,130,6.88,2028.00,66,150,
2018-08-11,133,6.87,2050.00,66,155,
2018-08-12,135,6.85,2072.00,66,159,
2018-08-13,138,6.84,2094.00,66,164,
2018-08-14,138,6.91,2001.00,64,156,
2018-08-15,140,6.79,1980.00,66,156,
2018-08-16,140,6.97,1938.00,71,158,
2018-08-17,138,6.89,2010.00,58,162,
2018-08-18,138,6.86,2032.00,59,159,
2018-08-19,138,6.84,2054.00,60,157,
2018-08-20,138,6.81,2076.00,61,154,
2018-08-21,136,6.91,2052.00,64,156,
2018-08-22,130,6.93,2085.00,62,150,
2018-08-23,129,6.87,2031.00,58,148,
2018-08-24,129,6.88,2040.00,66,148,
2018-08-25,129,6.88,2027.00,69,149,
2018-08-26,130,6.87,2014.00,72,151,
2018-08-27,130,6.87,2001.00,75,152,
2018-08-28,132,6.89,2019.00,62,150,
2018-08-29,122,6.97,2004.00,56,136,
2018-08-30,132,6.94,2079.00,60,155,
2018-08-31,124,6.95,2022.00,60,150,
2018-09-01,126,6.94,2041.00,57,147,
2018-09-02,128,6.93,2060.00,55,143,
2018-09-03,130,6.92,2079.00,53,140,
2018-09-04,120,6.96,2028.00,56,142,
2018-09-05,118,6.94,2025.00,56,141,
2018-09-06,116,6.91,2022.00,56,140,
2018-09-07,120,6.85,1911.00,64,148,
2018-09-08,123,6.87,1987.00,59,145,
2018-09-09,127,6.89,2063.00,55,141,
2018-09-10,130,6.91,2139.00,50,138,
2018-09-11,124,7.01,2040.00,52,130,
2018-09-12,122,6.98,1977.00,49,128,
2018-09-13,128,6.92,2127.00,52,134,
2018-09-14,126,7.04,2037.00,49,136,
2018-09-15,123,6.98,2039.00,51,137,
2018-09-16,121,6.91,2041.00,53,139,
2018-09-17,118,6.85,2043.00,55,140,
2018-09-18,122,6.86,2079.00,49,136,
2018-09-19,114,6.90,2070.00,49,128,
2018-09-20,116,6.94,2058.00,50,120,
2018-09-21,116,7.04,2175.00,53,121,
2018-09-22,115,7.05,2133.75,51,122,
2018-09-23,113,7.05,2092.50,50,123,
2018-09-24,112,7.06,2051.25,48,123,
2018-09-25,110,7.06,2010.00,47,124,
2018-09-26,104,6.96,2154.00,48,120,
2018-09-27,104,6.91,2064.00,52,122,
2018-09-28,108,6.96,2094.00,46,116,
2018-09-29,107,6.98,2094.00,48,119,
2018-09-30,105,6.99,2094.00,51,121,
2018-10-01,104,7.01,2094.00,53,124,
2018-10-02,108,7.08,2091.00,49,124,
2018-10-03,102,7.00,2097.00,50,126,
2018-10-04,98,7.16,2061.00,53,122,
2018-10-05,108,7.04,2043.00,54,126,
2018-10-06,105,7.03,2064.00,55,127,
2018-10-07,103,7.02,2085.00,56,127,
2018-10-08,100,7.01,2106.00,56,128,
2018-10-09,100,7.04,2064.00,54,120,
2018-10-10,104,6.89,2155.50,60,131,
2018-10-11,108,6.74,2247.00,66,142,
2018-10-12,124,6.78,2208.00,63,152,
2018-10-13,121,6.79,2144.00,61,151,
2018-10-14,117,6.80,2080.00,59,151,
2018-10-15,114,6.81,2016.00,57,150,
2018-10-16,114,6.84,2124.00,59,152,
2018-10-17,110,6.73,2046.00,56,136,
2018-10-18,113,6.79,2064.00,59,141,
2018-10-19,116,6.85,2082.00,61,146,
2018-10-20,115,6.82,2081.00,58,145,
2018-10-21,115,6.78,2080.00,55,143,
2018-10-22,114,6.75,2079.00,52,142,
2018-10-23,114,6.77,2025.00,54,144,
2018-10-24,110,6.73,1941.00,60,150,
2018-10-25,114,6.79,2109.00,62,138,
2018-10-26,116,6.82,1992.00,56,154,
2018-10-27,117,6.84,2007.00,57,157,
2018-10-28,119,6.85,2022.00,58,161,
2018-10-29,120,6.87,2037.00,59,164,
2018-10-30,116,6.74,2034.00,59,166,
2018-10-31,114,6.74,1944.00,60,163,
2018-11-01,120,6.73,1938.00,64,172,
2018-11-02,120,6.72,1940.04,64,174,
2018-11-03,120,6.72,1942.08,64,176,
2018-11-04,119,6.71,1944.12,65,178,
2018-11-05,119,6.71,1946.16,65,179,
2018-11-06,119,6.70,1948.20,65,181,
2018-11-07,119,6.69,1950.24,65,183,
2018-11-08,119,6.69,1952.28,65,185,
2018-11-09,118,6.68,1954.32,66,187,
2018-11-10,118,6.68,1956.36,66,189,
2018-11-11,118,6.67,1958.40,66,190,
2018-11-12,118,6.66,1960.44,66,192,
2018-11-13,118,6.66,1962.48,67,194,
2018-11-14,117,6.65,1964.52,67,196,
2018-11-15,117,6.65,1966.56,67,198,
2018-11-16,117,6.64,1968.60,67,200,
2018-11-17,117,6.63,1970.64,68,201,
2018-11-18,117,6.63,1972.68,68,203,
2018-11-19,116,6.62,1974.72,68,205,
2018-11-20,116,6.62,1976.76,68,207,
2018-11-21,116,6.61,1978.80,68,209,
2018-11-22,116,6.60,1980.84,69,211,
2018-11-23,116,6.60,1982.88,69,212,
2018-11-24,115,6.59,1984.92,69,214,
2018-11-25,115,6.59,1986.96,69,216,
2018-11-26,115,6.58,1989.00,70,218,
2018-11-27,112,6.54,1989.00,78,202,
2018-11-28,113,6.56,1998.00,75,198,
2018-11-29,106,6.56,2004.00,71,211,
2018-11-30,118,6.52,2010.00,86,212,
2018-12-01,117,6.53,2010.75,86,212,
2018-12-02,115,6.53,2011.50,86,211,
2018-12-03,114,6.54,2012.25,86,211,
2018-12-04,112,6.54,2013.00,86,210,
2018-12-05,110,6.48,2088.00,87,234,
2018-12-06,120,6.51,1977.00,88,238,
2018-12-07,118,6.57,1959.00,91,236,
2018-12-08,120,6.53,1979.00,96,244,
2018-12-09,122,6.49,1999.00,101,252,
2018-12-10,124,6.45,2019.00,105,260,
2018-12-11,128,6.50,2088.00,103,266,
2018-12-12,130,6.48,2118.00,114,270,
2018-12-13,122,6.47,2136.00,95,270,
2018-12-14,120,6.50,2097.00,104,270,
2018-12-15,119,6.51,2067.75,105,270,
2018-12-16,118,6.52,2038.50,106,269,
2018-12-17,117,6.52,2009.25,107,269,
2018-12-18,116,6.53,1980.00,108,268,
2018-12-19,120,6.54,1992.00,109,270,
2018-12-20,116,6.52,2061.00,109,264,
2018-12-21,128,6.53,2133.00,109,262,
2018-12-22,127,6.51,2121.00,109,271,
2018-12-23,127,6.50,2109.00,110,279,
2018-12-24,126,6.48,2097.00,111,288,
2018-12-25,122,6.49,2100.00,113,290,
2018-12-26,118,6.51,2103.00,116,292,
2018-12-27,114,6.52,2106.00,119,294,
2018-12-28,122,6.52,2109.00,121,298,
2018-12-29,121,6.49,2090.00,140,305,
2018-12-30,119,6.47,2071.00,159,311,
2018-12-31,118,6.44,2052.00,178,318,
2019-01-01,119,6.42,2091.00,154,319,
2019-01-02,120,6.39,2130.00,130,320,
2019-01-03,126,6.40,2043.00,130,324,
2019-01-04,130,6.53,2232.00,143,328,
2019-01-05,131,6.54,2199.00,143,333,
2019-01-06,131,6.55,2166.00,142,337,
2019-01-07,132,6.56,2133.00,142,342,
2019-01-08,126,6.38,2133.00,154,342,
2019-01-09,122,6.35,2085.00,151,340,
2019-01-10,128,6.34,2199.00,156,366,
2019-01-11,132,6.37,2379.00,169,374,
2019-01-12,135,6.40,2312.00,170,382,
2019-01-13,137,6.42,2245.00,171,390,
2019-01-14,140,6.45,2178.00,172,398,
2019-01-15,126,6.44,2268.00,185,390,
2019-01-16,116,6.50,2166.00,194,380,
2019-01-17,126,6.30,2259.00,187,396,
2019-01-18,132,6.43,2223.00,176,410,
2019-01-19,133,6.39,2188.00,181,427,
2019-01-20,135,6.36,2153.00,187,445,
2019-01-21,136,6.32,2118.00,192,462,
2019-01-22,131,6.35,2466.00,195,482,
2019-01-23,124,6.45,2469.00,202,508,
2019-01-24,132,6.32,2325.00,188,490,
2019-01-25,126,6.33,2397.00,203,518,
2019-01-26,133,6.31,2368.00,208,543,
2019-01-27,139,6.30,2339.00,213,569,
2019-01-28,146,6.28,2310.00,219,594,
2019-01-29,152,6.22,2238.00,246,594,
2019-01-30,164,6.18,2400.00,238,598,
2019-01-31,172,6.27,2385.00,253,604,
2019-02-01,172,6.19,2382.00,328,768,
2019-02-02,179,6.19,2436.00,341,775,
2019-02-03,186,6.19,2490.00,354,783,
2019-02-04,193,6.19,2544.00,367,790,
2019-02-05,200,6.04,2622.00,392,897,
2019-02-06,195,6.07,2707.00,378,912,
2019-02-07,190,6.10,2792.00,364,927,
2019-02-08,186,6.12,2688.00,410,760,
2019-02-09,191,6.11,2728.00,412,796,
2019-02-10,195,6.10,2768.00,413,832,
2019-02-11,200,6.09,2808.00,415,868,
2019-02-12,198,6.08,2616.00,390,822,
2019-02-13,180,6.10,2652.00,408,948,
2019-02-14,190,6.10,2996.00,343,880,
2019-02-15,186,6.08,2644.00,485,906,
2019-02-16,190,6.11,2670.67,489,919,
2019-02-17,194,6.13,2697.33,206,933,
2019-02-18,198,6.16,2724.00,206,946,
2019-02-19,218,6.16,2716.00,206,980,
2019-02-20,186,6.17,2752.00,206,1036,
2019-02-21,190,6.15,3032.00,206,986,
2019-02-22,202,6.14,2768.00,206,954,
2019-02-23,205,6.15,2837.33,206,963,
2019-02-24,207,6.16,2906.67,449,971,
2019-02-25,210,6.17,2976.00,448,980,
2019-02-26,216,6.17,2912.00,448,1000,
2019-02-27,188,6.11,2864.00,435,946,
2019-02-28,194,6.08,2992.00,433,1084,
2019-03-01,204,6.05,2808.00,491,990,
2019-03-02,204,6.05,2814.67,510,971,
2019-03-03,204,6.05,2821.33,206,951,
2019-03-04,204,6.05,2828.00,206,932,
2019-03-05,180,6.42,2752.00,435,898,
2019-03-06,180,6.35,2872.00,468,979,
2019-03-07,180,6.28,2992.00,500,1060,
2019-03-08,200,6.12,3074.00,518,992,
2019-03-09,195,6.11,3060.00,514,1000,
2019-03-10,191,6.10,3046.00,511,1007,
2019-03-11,186,6.09,3032.00,508,1015,
2019-03-12,203,6.14,3060.00,535,947,
2019-03-13,198,6.08,3092.00,493,1084,
2019-03-14,204,6.16,3072.00,498,1006,
2019-03-15,198,6.09,3048.00,500,1026,
2019-03-16,197,6.09,3054.67,503,1016,
2019-03-17,197,6.08,3061.33,507,1006,
2019-03-18,196,6.08,3068.00,510,996,
2019-03-19,188,6.10,2928.00,513,948,
2019-03-20,192,6.08,3100.00,510,1054,
2019-03-21,196,6.08,3110.00,516,1098,
2019-03-22,200,6.07,3120.00,523,1142,
2019-03-23,173,6.09,3102.67,518,1144,
2019-03-24,145,6.12,3085.33,513,1146,
2019-03-25,118,6.14,3068.00,508,1148,
2019-03-26,200,6.07,3116.00,493,1036,
2019-03-27,198,6.10,3056.00,481,1036,
2019-03-28,196,6.13,2996.00,470,1036,
2019-03-29,152,6.18,3000.00,419,1113,
2019-03-30,154,6.16,3012.00,441,1092,
2019-03-31,156,6.15,3024.00,463,1071,
2019-04-01,158,6.13,3036.00,485,1050,
2019-04-02,192,6.10,3064.00,485,1082,
2019-04-03,174,6.14,2962.00,465,981,
2019-04-04,156,6.18,2860.00,445,880,
2019-04-05,198,6.32,2968.00,498,1108,
2019-04-06,198,6.26,2977.33,498,1086,
2019-04-07,198,6.20,2986.67,499,1064,
2019-04-08,198,6.14,2996.00,500,1042,
2019-04-09,200,6.11,3036.00,495,1038,
2019-04-10,204,6.16,3180.00,513,1060,
2019-04-11,252,6.24,2984.00,493,1020,
2019-04-12,210,6.23,2992.00,490,1052,
2019-04-13,205,6.20,3009.33,492,1045,
2019-04-14,201,6.17,3026.67,493,1039,
2019-04-15,196,6.14,3044.00,495,1032,
2019-04-16,198,6.17,3144.00,473,1036,
2019-04-17,192,6.21,2996.00,668,1048,
2019-04-18,196,6.19,3002.00,644,1050,
2019-04-19,201,6.18,3008.00,620,1053,
2019-04-20,205,6.16,3014.00,597,1055,
2019-04-21,209,6.14,3020.00,573,1057,
2019-04-22,214,6.13,3026.00,549,1060,
2019-04-23,218,6.11,3032.00,525,1062,
2019-04-24,190,6.17,3072.00,513,1068,
2019-04-25,250,6.19,3060.00,520,1222,
2019-04-26,192,6.21,3116.00,515,1120,
2019-04-27,193,6.21,3073.00,516,1112,
2019-04-28,194,6.20,3030.00,518,1104,
2019-04-29,195,6.20,2987.00,519,1095,
2019-04-30,196,6.19,2944.00,520,1087,
2019-05-01,196,6.21,2972.00,516,1087,
2019-05-02,196,6.22,3000.00,513,1086,
2019-05-03,180,6.17,2944.00,543,1052,
2019-05-04,190,6.18,2985.33,540,1093,
2019-05-05,200,6.20,3026.67,538,1135,
2019-05-06,210,6.21,3068.00,535,1176,
2019-05-07,213,6.20,3081.33,532,1151,
2019-05-08,216,6.20,3094.67,528,1125,
2019-05-09,219,6.19,3108.00,525,1100,
2019-05-10,204,6.25,2892.00,525,1116,
2019-05-11,203,6.23,2944.00,519,1131,
2019-05-12,201,6.21,2996.00,513,1145,
2019-05-13,200,6.19,3048.00,508,1160,
2019-05-14,202,6.25,3088.00,520,1162,
2019-05-15,210,6.11,2960.00,550,1178,
2019-05-16,218,6.20,3084.00,548,1180,
2019-05-17,208,6.16,2976.00,518,1062,
2019-05-18,206,6.18,2976.00,518,1080,
2019-05-19,204,6.19,2976.00,519,1098,
2019-05-20,202,6.21,2976.00,520,1116,
2019-05-21,192,6.15,2772.00,510,1096,
2019-05-22,184,6.23,3096.00,498,1120,
2019-05-23,188,6.24,2924.00,490,1084,
2019-05-24,192,6.24,2752.00,483,1048,
2019-05-25,192,6.24,2755.43,484,1049,
2019-05-26,192,6.24,2758.86,485,1050,
2019-05-27,192,6.24,2762.29,487,1051,
2019-05-28,192,6.24,2765.71,488,1052,
2019-05-29,192,6.23,2769.14,489,1053,
2019-05-30,192,6.23,2772.57,491,1054,
2019-05-31,192,6.23,2776.00,492,1055,
2019-06-01,192,6.23,2779.43,493,1056,
2019-06-02,192,6.23,2782.86,495,1057,
2019-06-03,192,6.23,2786.29,496,1058,
2019-06-04,192,6.23,2789.71,497,1059,
2019-06-05,193,6.23,2793.14,499,1060,
2019-06-06,193,6.22,2796.57,500,1061,
2019-06-07,193,6.22,2800.00,501,1062,
2019-06-08,193,6.22,2803.43,503,1063,
2019-06-09,193,6.22,2806.86,504,1065,
2019-06-10,193,6.22,2810.29,505,1066,
2019-06-11,193,6.22,2813.71,507,1067,
2019-06-12,193,6.22,2817.14,508,1068,
2019-06-13,193,6.22,2820.57,509,1069,
2019-06-14,193,6.21,2824.00,511,1070,
2019-06-15,193,6.21,2827.43,512,1071,
2019-06-16,193,6.21,2830.86,513,1072,
2019-06-17,193,6.21,2834.29,515,1073,
2019-06-18,193,6.21,2837.71,516,1074,
2019-06-19,193,6.21,2841.14,518,1075,
2019-06-20,193,6.21,2844.57,519,1076,
2019-06-21,193,6.21,2848.00,520,1077,
2019-06-22,193,6.20,2851.43,522,1078,
2019-06-23,193,6.20,2854.86,523,1079,
2019-06-24,193,6.20,2858.29,524,1080,
2019-06-25,193,6.20,2861.71,526,1081,
2019-06-26,193,6.20,2865.14,527,1082,
2019-06-27,193,6.20,2868.57,528,1083,
2019-06-28,194,6.20,2872.00,530,1084,
2019-06-29,194,6.20,2875.43,531,1085,
2019-06-30,194,6.20,2878.86,532,1086,
2019-07-01,194,6.19,2882.29,534,1087,
2019-07-02,194,6.19,2885.71,535,1088,
2019-07-03,194,6.19,2889.14,536,1089,
2019-07-04,194,6.19,2892.57,538,1090,
2019-07-05,194,6.19,2896.00,539,1091,
2019-07-06,194,6.19,2899.43,540,1092,
2019-07-07,194,6.19,2902.86,542,1093,
2019-07-08,194,6.19,2906.29,543,1094,
2019-07-09,194,6.18,2909.71,544,1096,
2019-07-10,194,6.18,2913.14,546,1097,
2019-07-11,194,6.18,2916.57,547,1098,
2019-07-12,194,6.18,2920.00,548,1099,
2019-07-13,194,6.18,2923.43,550,1100,
2019-07-14,194,6.18,2926.86,551,1101,
2019-07-15,194,6.18,2930.29,553,1102,
2019-07-16,194,6.18,2933.71,554,1103,
2019-07-17,194,6.17,2937.14,555,1104,
2019-07-18,194,6.17,2940.57,557,1105,
2019-07-19,194,6.17,2944.00,558,1106,
2019-07-20,195,6.17,2947.43,559,1107,
2019-07-21,195,6.17,2950.86,561,1108,
2019-07-22,195,6.17,2954.29,562,1109,
2019-07-23,195,6.17,2957.71,563,1110,
2019-07-24,195,6.17,2961.14,565,1111,
2019-07-25,195,6.17,2964.57,566,1112,
2019-07-26,195,6.16,2968.00,567,1113,
2019-07-27,195,6.16,2971.43,569,1114,
2019-07-28,195,6.16,2974.86,570,1115,
2019-07-29,195,6.16,2978.29,571,1116,
2019-07-30,195,6.16,2981.71,573,1117,
2019-07-31,195,6.16,2985.14,574,1118,
2019-08-01,195,6.16,2988.57,575,1119,
2019-08-02,195,6.16,2992.00,577,1120,
2019-08-03,195,6.15,2995.43,578,1121,
2019-08-04,195,6.15,2998.86,579,1122,
2019-08-05,195,6.15,3002.29,581,1123,
2019-08-06,195,6.15,3005.71,582,1124,
2019-08-07,195,6.15,3009.14,583,1125,
2019-08-08,195,6.15,3012.57,585,1127,
2019-08-09,195,6.15,3016.00,586,1128,
2019-08-10,195,6.15,3019.43,588,1129,
2019-08-11,195,6.14,3022.86,589,1130,
2019-08-12,196,6.14,3026.29,590,1131,
2019-08-13,196,6.14,3029.71,592,1132,
2019-08-14,196,6.14,3033.14,593,1133,
2019-08-15,196,6.14,3036.57,594,1134,
2019-08-16,196,6.14,3040.00,596,1135,
2019-08-17,196,6.14,3043.43,597,1136,
2019-08-18,196,6.14,3046.86,598,1137,
2019-08-19,196,6.13,3050.29,600,1138,
2019-08-20,196,6.13,3053.71,601,1139,
2019-08-21,196,6.13,3057.14,602,1140,
2019-08-22,196,6.13,3060.57,604,1141,
2019-08-23,196,6.13,3064.00,605,1142,
2019-08-24,205,6.13,3062.86,606,1137,
2019-08-25,213,6.13,3061.71,606,1133,
2019-08-26,222,6.13,3060.57,607,1128,
2019-08-27,230,6.14,3059.43,608,1124,
2019-08-28,239,6.14,3058.29,609,1119,
2019-08-29,247,6.14,3057.14,609,1115,
2019-08-30,256,6.14,3056.00,610,1110,
2019-08-31,258,6.17,3077.67,604,1114,
2019-09-01,260,6.20,3099.33,598,1118,
2019-09-02,262,6.23,3121.00,593,1122,
2019-09-03,104,5.83,3016.00,493,1050,
2019-09-04,169,6.00,3052.00,545,1096,
2019-09-05,234,6.17,3088.00,598,1142,
2019-09-06,248,6.23,3060.00,590,1166,
2019-09-07,250,6.21,3057.33,587,1152,
2019-09-08,252,6.19,3054.67,583,1138,
2019-09-09,254,6.17,3052.00,580,1124,
2019-09-10,250,6.16,3040.00,590,1142,
2019-09-11,246,6.26,2976.00,558,1154,
2019-09-12,256,6.21,2990.00,555,1154,
2019-09-13,266,6.15,3004.00,553,1154,
2019-09-14,259,6.18,2996.00,565,1136,
2019-09-15,251,6.21,2988.00,578,1118,
2019-09-16,244,6.24,2980.00,590,1100,
2019-09-17,250,6.25,2980.00,565,1055,
2019-09-18,246,6.27,2908.00,503,1000,
2019-09-19,230,6.28,2970.00,488,945,
2019-09-20,214,6.29,3032.00,473,890,
2019-09-21,213,6.26,3078.67,477,907,
2019-09-22,211,6.23,3125.33,481,923,
2019-09-23,210,6.20,3172.00,485,940,
2019-09-24,199,6.26,3022.00,479,917,
2019-09-25,188,6.32,2872.00,473,894,
2019-09-26,199,6.34,2928.00,533,907,
2019-09-27,210,6.35,2984.00,593,920,
2019-09-28,219,6.34,2997.33,548,919,
2019-09-29,229,6.34,3010.67,503,917,
2019-09-30,238,6.33,3024.00,458,916,
2019-10-01,208,6.28,2992.00,448,926,
2019-10-02,213,6.32,3088.00,440,923,
2019-10-03,218,6.35,3184.00,433,920,
2019-10-04,230,6.30,2956.00,433,910,
2019-10-05,225,6.27,3012.00,433,916,
2019-10-06,221,6.23,3068.00,433,922,
2019-10-07,216,6.20,3124.00,433,928,
2019-10-08,210,6.28,2956.00,430,946,
2019-10-09,213,6.26,2998.00,434,950,
2019-10-10,216,6.23,3040.00,438,954,
2019-10-11,248,6.36,2980.00,423,910,
2019-10-12,241,6.32,2989.33,422,914,
2019-10-13,233,6.28,2998.67,421,918,
2019-10-14,226,6.24,3008.00,420,922,
2019-10-15,216,6.35,3160.00,413,890,
2019-10-16,198,6.31,3084.00,420,826,
2019-10-17,206,6.33,3078.00,413,843,
2019-10-18,214,6.35,3072.00,405,860,
2019-10-19,221,6.33,3030.67,408,857,
2019-10-20,227,6.30,2989.33,410,853,
2019-10-21,234,6.28,2948.00,413,850,
2019-10-22,218,6.31,2928.00,408,810,
2019-10-23,186,6.46,3004.00,418,836,
2019-10-24,199,6.42,2968.00,410,822,
2019-10-25,212,6.37,2932.00,403,808,
2019-10-26,218,6.34,2952.00,403,817,
2019-10-27,224,6.32,2972.00,404,827,
2019-10-28,230,6.29,2992.00,405,836,
2019-10-29,224,6.41,2980.00,405,820,
2019-10-30,210,6.39,2996.00,418,840,
2019-10-31,225,6.39,3002.00,410,825,
2019-11-01,240,6.39,3008.00,403,810,
2019-11-02,238,6.39,3002.40,402,812,
2019-11-03,236,6.38,2996.80,402,815,
2019-11-04,233,6.38,2991.20,401,817,
2019-11-05,231,6.38,2985.60,401,819,
2019-11-06,229,6.38,2980.00,400,822,
2019-11-07,227,6.37,2974.40,400,824,
2019-11-08,225,6.37,2968.80,399,826,
2019-11-09,222,6.37,2963.20,399,828,
2019-11-10,220,6.36,2957.60,398,831,
2019-11-11,218,6.36,2952.00,398,833,
2019-11-12,220,6.37,2976.00,392,815,
2019-11-13,222,6.38,3000.00,386,798,
2019-11-14,223,6.39,3024.00,381,780,
2019-11-15,225,6.40,3048.00,375,762,
2019-11-16,229,6.40,3034.67,382,771,
2019-11-17,234,6.40,3021.33,388,781,
2019-11-18,238,6.40,3008.00,395,790,
2019-11-19,230,6.38,2976.00,385,782,
2019-11-20,230,6.40,2920.00,395,790,
2019-11-21,221,6.42,2960.00,389,786,
2019-11-22,212,6.43,3000.00,383,782,
2019-11-23,216,6.37,3006.67,383,777,
2019-11-24,219,6.30,3013.33,383,773,
2019-11-25,223,6.24,3020.00,383,768,
2019-11-26,212,6.38,3056.00,400,774,
2019-11-27,214,6.33,3144.00,428,792,
2019-11-28,205,6.35,3078.00,406,779,
2019-11-29,196,6.37,3012.00,385,766,
2019-11-30,206,6.34,3001.33,388,792,
2019-12-01,216,6.30,2990.67,392,818,
2019-12-02,226,6.27,2980.00,395,844,
2019-12-03,220,6.26,2888.00,383,774,
2019-12-04,221,6.31,2870.00,399,809,
2019-12-05,222,6.36,2852.00,415,844,
2019-12-06,226,6.35,2872.00,398,854,
2019-12-07,229,6.33,2921.33,399,845,
2019-12-08,233,6.31,2970.67,401,835,
2019-12-09,236,6.29,3020.00,403,826,
2019-12-10,238,6.30,3008.00,398,826,
2019-12-11,190,6.28,2792.00,353,782,
2019-12-12,213,6.28,2744.00,371,826,
2019-12-13,236,6.27,2696.00,390,870,
2019-12-14,237,6.27,2740.00,393,856,
2019-12-15,238,6.26,2784.00,395,843,
2019-12-16,239,6.26,2828.00,398,829,
2019-12-17,240,6.25,2872.00,400,815,
2019-12-18,238,6.23,2968.00,388,828,
2019-12-19,236,6.21,2990.00,386,822,
2019-12-20,234,6.19,3012.00,385,816,
2019-12-21,230,6.19,2945.33,391,822,
2019-12-22,226,6.20,2878.67,397,828,
2019-12-23,222,6.20,2812.00,403,834,
2019-12-24,226,6.25,2840.00,398,854,
2019-12-25,228,6.25,2858.46,394,854,
2019-12-26,230,6.25,2876.92,391,853,
2019-12-27,232,6.25,2895.38,388,853,
2019-12-28,233,6.26,2913.85,384,853,
2019-12-29,235,6.26,2932.31,381,852,
2019-12-30,237,6.26,2950.77,378,852,
2019-12-31,239,6.26,2969.23,375,852,
2020-01-01,241,6.26,2987.69,371,852,
2020-01-02,243,6.26,3006.15,368,851,
2020-01-03,244,6.27,3024.62,365,851,
2020-01-04,246,6.27,3043.08,362,851,
2020-01-05,248,6.27,3061.54,358,850,
2020-01-06,250,6.27,3080.00,355,850,
2020-01-07,264,6.27,2872.00,418,844,
2020-01-08,250,6.31,2910.00,410,835,
2020-01-09,236,6.34,2948.00,403,826,
2020-01-10,214,6.35,2844.00,390,776,
2020-01-11,229,6.36,2857.33,393,788,
2020-01-12,245,6.36,2870.67,395,800,
2020-01-13,260,6.37,2884.00,398,812,
2020-01-14,242,6.40,2804.00,393,800,
2020-01-15,260,6.37,2952.00,375,776,
2020-01-16,248,6.39,2926.00,375,775,
2020-01-17,236,6.41,2900.00,375,774,
2020-01-18,242,6.42,2910.67,373,769,
2020-01-19,248,6.42,2921.33,370,765,
2020-01-20,254,6.43,2932.00,368,760,
2020-01-21,256,6.35,2868.00,363,750,
2020-01-22,260,6.40,2808.00,370,798,
2020-01-23,248,6.41,2818.00,369,773,
2020-01-24,236,6.41,2828.00,368,748,
2020-01-25,244,6.40,2874.67,362,753,
2020-01-26,252,6.39,2921.33,356,757,
2020-01-27,260,6.38,2968.00,350,762,
2020-01-28,258,6.39,2816.00,354,772,
2020-01-29,250,6.33,2876.00,354,782,
2020-01-30,254,6.36,2904.00,350,801,
2020-01-31,258,6.39,2932.00,346,820,
2020-02-01,255,6.38,2910.67,346,800,
2020-02-02,251,6.38,2889.33,346,780,
2020-02-03,248,6.37,2868.00,346,760,
2020-02-04,254,6.37,2876.00,346,766,
2020-02-05,248,6.38,2890.00,353,756,
2020-02-06,242,6.39,2904.00,360,746,
2020-02-07,272,6.35,2868.00,362,812,
2020-02-08,271,6.35,2869.33,369,825,
2020-02-09,269,6.35,2870.67,375,839,
2020-02-10,268,6.35,2872.00,382,852,
2020-02-11,258,6.39,2852.00,379,830,
2020-02-12,246,6.34,2804.00,369,820,
2020-02-13,243,6.35,2826.00,363,817,
2020-02-14,240,6.36,2848.00,357,814,
2020-02-15,240,6.36,2864.00,362,813,
2020-02-16,240,6.35,2880.00,366,811,
2020-02-17,240,6.35,2896.00,371,810,
2020-02-18,258,6.38,2880.00,442,920,
2020-02-19,260,6.39,2852.00,378,852,
2020-02-20,279,6.41,2868.00,401,872,
2020-02-21,298,6.42,2884.00,425,892,
2020-02-22,295,6.43,2898.67,423,880,
2020-02-23,291,6.44,2913.33,421,868,
2020-02-24,288,6.45,2928.00,419,856,
2020-02-25,260,6.30,2708.00,382,820,
2020-02-26,256,6.40,2780.00,380,792,
2020-02-27,262,6.42,2832.00,380,811,
2020-02-28,268,6.43,2884.00,381,830,
2020-02-29,265,6.44,2821.33,383,825,
2020-03-01,261,6.44,2758.67,386,819,
2020-03-02,258,6.45,2696.00,389,814,
2020-03-03,240,6.38,2704.00,370,810,
2020-03-04,244,6.39,2710.00,365,811,
2020-03-05,248,6.40,2716.00,359,812,
2020-03-06,250,6.37,2904.00,360,822,
2020-03-07,251,6.39,2892.00,356,815,
2020-03-08,253,6.41,2880.00,353,807,
2020-03-09,254,6.43,2868.00,349,800,
2020-03-10,254,6.43,2508.00,348,790,
2020-03-11,244,6.36,2456.00,346,790,
2020-03-12,251,6.43,2396.00,351,790,
2020-03-13,258,6.49,2336.00,357,790,
2020-03-14,259,6.48,2414.67,353,795,
2020-03-15,259,6.46,2493.33,349,799,
2020-03-16,260,6.45,2572.00,346,804,
2020-03-17,130,6.02,2384.00,292,760,
2020-03-18,266,6.31,2444.00,341,792,
2020-03-19,259,6.43,2650.00,342,787,
2020-03-20,252,6.54,2856.00,343,782,
2020-03-21,255,6.54,2850.67,341,778,
2020-03-22,259,6.53,2845.33,339,774,
2020-03-23,262,6.53,2840.00,338,770,
2020-03-24,264,6.45,2860.00,335,768,
2020-03-25,250,6.36,2824.00,330,780,
2020-03-26,255,6.42,2780.00,334,770,
2020-03-27,260,6.48,2736.00,338,760,
2020-03-28,257,6.47,2737.33,333,747,
2020-03-29,255,6.47,2738.67,327,733,
2020-03-30,252,6.46,2740.00,322,720,
2020-03-31,256,6.49,2660.00,318,721,
2020-04-01,242,6.37,2592.00,286,724,
2020-04-02,248,6.46,2550.00,290,717,
2020-04-03,254,6.54,2508.00,294,710,
2020-04-04,255,6.50,2610.67,302,707,
2020-04-05,257,6.47,2713.33,309,703,
2020-04-06,258,6.43,2816.00,316,700,
2020-04-07,254,6.42,2680.00,336,745,
2020-04-08,257,6.44,2666.00,349,765,
2020-04-09,260,6.46,2652.00,362,784,
2020-04-10,253,6.46,2647.20,354,780,
2020-04-11,246,6.46,2642.40,345,775,
2020-04-12,238,6.45,2637.60,337,771,
2020-04-13,231,6.45,2632.80,328,766,
2020-04-14,224,6.45,2628.00,320,762,
2020-04-15,229,6.37,2556.00,317,768,
2020-04-16,236,6.42,2544.00,323,746,
2020-04-17,242,6.47,2532.00,330,724,
2020-04-18,243,6.48,2580.00,321,720,
2020-04-19,245,6.49,2628.00,313,716,
2020-04-20,246,6.50,2676.00,304,712,
2020-04-21,236,6.48,2688.00,295,718,
2020-04-22,237,6.45,2742.00,307,719,
2020-04-23,238,6.42,2796.00,318,720,
2020-04-24,258,6.47,2628.00,334,760,
2020-04-25,257,6.48,2643.00,324,750,
2020-04-26,256,6.49,2658.00,314,740,
2020-04-27,255,6.49,2673.00,304,729,
2020-04-28,254,6.50,2688.00,294,719,
2020-04-29,222,6.41,2624.00,290,692,
2020-04-30,222,6.43,2670.40,290,688,
2020-05-01,221,6.45,2716.80,291,685,
2020-05-02,221,6.47,2763.20,292,681,
2020-05-03,220,6.49,2809.60,293,678,
2020-05-04,220,6.51,2856.00,294,674,
2020-05-05,240,6.48,2688.00,296,680,
2020-05-06,242,6.47,2766.00,295,677,
2020-05-07,244,6.45,2844.00,294,674,
2020-05-08,242,6.55,2848.00,292,686,
2020-05-09,241,6.55,2778.67,295,682,
2020-05-10,241,6.54,2709.33,297,678,
2020-05-11,240,6.54,2640.00,300,674,
2020-05-12,240,6.58,2668.00,297,680,
2020-05-13,240,6.42,2660.00,302,702,
2020-05-14,240,6.45,2652.00,297,706,
2020-05-15,240,6.47,2644.00,292,710,
2020-05-16,243,6.47,2636.00,307,729,
2020-05-17,245,6.48,2628.00,321,747,
2020-05-18,248,6.48,2620.00,336,766,
2020-05-19,250,6.45,2628.00,318,758,
2020-05-20,252,6.41,2636.00,315,720,
2020-05-21,245,6.43,2618.00,321,711,
2020-05-22,238,6.45,2600.00,326,702,
2020-05-23,239,6.45,2565.33,325,708,
2020-05-24,241,6.46,2530.67,324,714,
2020-05-25,242,6.46,2496.00,323,720,
2020-05-26,238,6.43,2600.00,323,710,
2020-05-27,238,6.44,2674.00,324,718,
2020-05-28,238,6.44,2748.00,325,726,
2020-05-29,268,6.41,2804.00,338,772,
2020-05-30,262,6.40,2744.00,338,781,
2020-05-31,256,6.40,2684.00,338,789,
2020-06-01,250,6.39,2624.00,338,798,
2020-06-02,240,6.34,2720.00,337,776,
2020-06-03,246,6.39,2680.00,332,758,
2020-06-04,252,6.43,2640.00,327,740,
2020-06-05,250,6.44,2692.00,332,784,
2020-06-06,256,6.42,2685.33,331,773,
2020-06-07,262,6.40,2678.67,330,761,
2020-06-08,268,6.38,2672.00,330,750,
2020-06-09,266,6.45,2696.00,352,772,
2020-06-10,254,6.38,2720.00,350,796,
2020-06-11,258,6.42,2676.00,354,797,
2020-06-12,262,6.45,2632.00,358,798,
2020-06-13,265,6.46,2633.33,365,800,
2020-06-14,267,6.47,2634.67,371,802,
2020-06-15,270,6.48,2636.00,377,804,
2020-06-16,274,6.45,2662.00,381,811,
2020-06-17,278,6.42,2688.00,386,818,
2020-06-18,280,6.41,2728.00,381,813,
2020-06-19,282,6.39,2768.00,376,808,
2020-06-20,278,6.45,2725.33,390,823,
2020-06-21,274,6.51,2682.67,404,837,
2020-06-22,270,6.57,2640.00,418,852,
2020-06-23,250,6.51,2744.00,345,818,
2020-06-24,250,6.48,2768.44,341,835,
2020-06-25,250,6.45,2792.89,337,853,
2020-06-26,249,6.42,2817.33,333,870,
2020-06-27,249,6.39,2841.78,330,887,
2020-06-28,249,6.36,2866.22,326,905,
2020-06-29,249,6.33,2890.67,322,922,
2020-06-30,248,6.30,2915.11,318,939,
2020-07-01,248,6.27,2939.56,314,957,
2020-07-02,248,6.24,2964.00,310,974,
2020-07-03,256,6.50,2788.00,318,732,
2020-07-04,250,6.50,2754.67,333,736,
2020-07-05,245,6.49,2721.33,347,740,
2020-07-06,239,6.49,2688.00,361,744,
2020-07-07,248,6.53,2776.00,333,692,
2020-07-08,252,6.35,2632.00,349,732,
2020-07-09,257,6.40,2618.00,341,768,
2020-07-10,262,6.45,2604.00,334,804,
2020-07-11,261,6.45,2673.33,355,806,
2020-07-12,261,6.45,2742.67,377,808,
2020-07-13,260,6.45,2812.00,398,810,
2020-07-14,274,6.30,2724.00,397,818,
2020-07-15,268,6.33,2756.00,409,833,
2020-07-16,262,6.37,2788.00,420,849,
2020-07-17,256,6.40,2820.00,432,864,
2020-07-18,261,6.39,2874.00,430,868,
2020-07-19,266,6.38,2928.00,427,871,
2020-07-20,271,6.37,2982.00,425,875,
2020-07-21,276,6.36,3036.00,422,878,
2020-07-22,277,6.37,3044.00,422,876,
2020-07-23,277,6.37,3052.00,422,874,
2020-07-24,278,6.38,3060.00,422,872,
2020-07-25,277,6.38,2920.00,421,883,
2020-07-26,277,6.39,2780.00,420,895,
2020-07-27,276,6.39,2640.00,418,906,
2020-07-28,284,6.39,2720.00,418,892,
2020-07-29,285,6.36,2686.67,419,893,
2020-07-30,285,6.32,2653.33,420,893,
2020-07-31,286,6.29,2620.00,421,894,
2020-08-01,283,6.33,2597.33,418,903,
2020-08-02,279,6.37,2574.67,416,911,
2020-08-03,276,6.41,2552.00,414,920,
2020-08-04,294,6.41,2808.00,414,872,
2020-08-05,287,6.35,2846.00,415,916,
2020-08-06,280,6.29,2884.00,416,960,
2020-08-07,278,6.44,2796.00,424,934,
2020-08-08,277,6.43,2807.00,420,943,
2020-08-09,276,6.42,2818.00,415,951,
2020-08-10,275,6.41,2829.00,411,960,
2020-08-11,274,6.40,2840.00,406,968,
2020-08-12,278,6.45,2800.00,416,1032,
2020-08-13,273,6.43,2718.00,417,995,
2020-08-14,268,6.40,2636.00,418,958,
2020-08-15,265,6.40,2645.33,417,986,
2020-08-16,263,6.40,2654.67,417,1014,
2020-08-17,260,6.40,2664.00,417,1042,
2020-08-18,286,6.37,2600.00,423,1032,
2020-08-19,272,6.32,2572.00,418,1156,
2020-08-20,274,6.38,2634.00,423,1162,
2020-08-21,275,6.43,2696.00,428,1168,
2020-08-22,271,6.41,2689.33,420,1110,
2020-08-23,268,6.40,2682.67,411,1052,
2020-08-24,264,6.38,2676.00,403,994,
2020-08-25,254,6.59,2824.00,409,1070,
2020-08-26,274,6.33,2512.00,430,1390,
2020-08-27,284,6.35,2528.00,424,1370,
2020-08-28,294,6.37,2544.00,419,1350,
2020-08-29,291,6.38,2562.67,425,1369,
2020-08-30,289,6.39,2581.33,430,1389,
2020-08-31,286,6.40,2600.00,435,1408,
2020-09-01,294,6.38,2892.00,428,1484,
2020-09-02,295,6.35,2770.00,422,1376,
2020-09-03,296,6.31,2648.00,416,1268,
2020-09-04,274,6.37,2580.00,408,1388,
2020-09-05,271,6.34,2609.33,408,1379,
2020-09-06,267,6.30,2638.67,407,1371,
2020-09-07,264,6.27,2668.00,407,1362,
2020-09-08,260,6.33,2684.00,406,1250,
2020-09-09,272,6.30,2760.00,424,1282,
2020-09-10,270,6.30,2746.00,422,1264,
2020-09-11,268,6.29,2732.00,419,1245,
2020-09-12,266,6.30,2740.00,417,1184,
2020-09-13,264,6.30,2748.00,415,1123,
2020-09-14,262,6.31,2756.00,414,1062,
2020-09-15,258,6.36,2692.00,414,1050,
2020-09-16,264,6.27,2816.00,416,1060,
2020-09-17,262,6.26,2772.00,417,1022,
2020-09-18,260,6.24,2728.00,418,984,
2020-09-19,263,6.24,2708.00,418,985,
2020-09-20,267,6.24,2688.00,419,985,
2020-09-21,270,6.24,2668.00,420,986,
2020-09-22,272,6.33,2684.00,428,1016,
2020-09-23,271,6.32,2680.00,423,1011,
2020-09-24,271,6.31,2676.00,419,1005,
2020-09-25,270,6.30,2672.00,414,1000,
2020-09-26,269,6.29,2674.67,410,996,
2020-09-27,269,6.29,2677.33,406,992,
2020-09-28,268,6.28,2680.00,402,988,
2020-09-29,262,6.35,2612.00,412,968,
2020-09-30,258,6.39,2764.00,413,910,
2020-10-01,259,6.37,2772.00,415,917,
2020-10-02,260,6.35,2780.00,418,924,
2020-10-03,261,6.33,2774.67,418,937,
2020-10-04,263,6.32,2769.33,419,949,
2020-10-05,264,6.30,2764.00,419,962,
2020-10-06,274,6.29,2780.00,421,966,
2020-10-07,263,6.32,2754.00,417,960,
2020-10-08,252,6.35,2728.00,414,954,
2020-10-09,276,6.34,2508.00,414,956,
2020-10-10,277,6.33,2528.00,419,958,
2020-10-11,279,6.32,2548.00,424,960,
2020-10-12,280,6.31,2568.00,429,962,
2020-10-13,268,6.35,2704.00,407,910,
2020-10-14,250,6.36,2748.00,390,934,
2020-10-15,268,6.28,2604.00,398,934,
2020-10-16,258,6.27,2676.00,389,942,
2020-10-17,240,6.29,2674.00,373,897,
2020-10-18,221,6.32,2672.00,358,852,
2020-10-19,203,6.34,2670.00,342,807,
2020-10-20,184,6.36,2668.00,326,762,
2020-10-21,202,6.28,2612.00,338,752,
2020-10-22,202,6.44,2584.00,316,742,
2020-10-23,196,6.33,2604.00,306,710,
2020-10-24,192,6.33,2604.00,299,715,
2020-10-25,188,6.34,2604.00,291,719,
2020-10-26,184,6.34,2604.00,283,724,
2020-10-27,186,6.34,2580.00,279,710,
2020-10-28,178,6.35,2628.00,270,664,
2020-10-29,185,6.33,2606.00,293,691,
2020-10-30,192,6.31,2584.00,316,718,
2020-10-31,183,6.34,2536.00,301,701,
2020-11-01,175,6.38,2488.00,285,685,
2020-11-02,166,6.41,2440.00,270,668,
2020-11-03,182,6.35,2448.00,229,574,
2020-11-04,160,6.47,2484.00,214,550,
2020-11-05,156,6.40,2420.00,212,540,
2020-11-06,158,6.48,2520.00,206,518,
2020-11-07,157,6.42,2520.00,203,509,
2020-11-08,157,6.37,2520.00,199,501,
2020-11-09,156,6.31,2520.00,196,492,
2020-11-10,156,6.37,2392.00,197,494,
2020-11-11,168,6.27,2328.00,194,466,
2020-11-12,161,6.31,2356.00,187,454,
2020-11-13,154,6.34,2384.00,181,442,
2020-11-14,147,6.34,2352.00,179,434,
2020-11-15,141,6.34,2320.00,177,426,
2020-11-16,134,6.34,2288.00,174,418,
2020-11-17,136,6.38,2320.00,170,414,
2020-11-18,140,6.35,2260.00,169,420,
2020-11-19,144,6.36,2460.00,165,426,
2020-11-20,140,6.32,2452.00,165,422,
2020-11-21,138,6.33,2417.33,165,424,
2020-11-22,136,6.33,2382.67,164,426,
2020-11-23,134,6.34,2348.00,164,428,
2020-11-24,124,6.22,2392.00,160,426,
2020-11-25,127,6.28,2406.00,161,424,
2020-11-26,130,6.34,2420.00,162,422,
2020-11-27,124,6.33,2436.00,162,418,
2020-11-28,125,6.34,2425.33,165,421,
2020-11-29,125,6.36,2414.67,168,425,
2020-11-30,126,6.37,2404.00,171,428,
2020-12-01,122,6.36,2472.00,170,420,
2020-12-02,121,6.30,2438.00,166,426,
2020-12-03,120,6.23,2404.00,162,432,
2020-12-04,122,6.31,2368.00,158,430,
2020-12-05,119,6.31,2324.00,159,427,
2020-12-06,115,6.30,2280.00,159,425,
2020-12-07,112,6.30,2236.00,159,422,
2020-12-08,112,6.31,2300.00,160,424,
2020-12-09,114,6.31,2272.00,160,432,
2020-12-10,116,6.34,2208.00,162,434,
2020-12-11,118,6.37,2144.00,164,436,
2020-12-12,119,6.39,2242.67,163,436,
2020-12-13,121,6.41,2341.33,161,436,
2020-12-14,122,6.43,2440.00,160,436,
2020-12-15,118,6.31,2372.00,171,448,
2020-12-16,127,6.31,2338.00,179,455,
2020-12-17,136,6.31,2304.00,186,462,
2020-12-18,138,6.38,2332.00,190,464,
2020-12-19,138,6.37,2369.33,193,465,
2020-12-20,138,6.37,2406.67,197,467,
2020-12-21,138,6.36,2444.00,200,468,
2020-12-22,140,6.28,2412.00,206,512,
2020-12-23,139,6.32,2408.00,202,513,
2020-12-24,138,6.35,2404.00,198,514,
2020-12-25,139,6.35,2450.00,202,516,
2020-12-26,139,6.35,2496.00,206,517,
2020-12-27,140,6.34,2542.00,210,519,
2020-12-28,140,6.34,2588.00,214,520,
2020-12-29,226,6.24,2592.00,316,700,
2020-12-30,178,6.25,2504.00,276,660,
2020-12-31,154,6.37,2480.00,240,598,
2021-01-01,150,6.39,2449.00,225,566,
2021-01-02,145,6.40,2418.00,211,533,
2021-01-03,141,6.42,2387.00,196,501,
2021-01-04,136,6.43,2356.00,182,468,
2021-01-05,130,6.40,2484.00,175,434,
2021-01-06,131,6.33,2430.00,180,451,
2021-01-07,132,6.25,2376.00,184,468,
2021-01-08,128,6.28,2368.00,181,456,
2021-01-09,130,6.31,2365.33,189,464,
2021-01-10,132,6.35,2362.67,197,472,
2021-01-11,134,6.38,2360.00,206,480,
2021-01-12,128,6.42,2476.00,187,474,
2021-01-13,120,6.23,2492.00,184,466,
2021-01-14,122,6.30,2584.00,195,472,
2021-01-15,138,6.33,2480.00,196,476,
2021-01-16,134,6.35,2473.33,195,473,
2021-01-17,130,6.36,2466.67,193,469,
2021-01-18,126,6.38,2460.00,192,466,
2021-01-19,130,6.40,2440.00,195,470,
2021-01-20,142,6.31,2496.00,204,510,
2021-01-21,141,6.38,2506.00,204,505,
2021-01-22,140,6.44,2516.00,205,500,
2021-01-23,147,6.42,2485.33,203,504,
2021-01-24,153,6.39,2454.67,201,508,
2021-01-25,160,6.37,2424.00,198,512,
2021-01-26,164,6.49,2384.00,225,534,
2021-01-27,150,6.30,2368.00,214,536,
2021-01-28,162,6.36,2416.00,222,552,
2021-01-29,174,6.42,2464.00,230,568,
2021-01-30,179,6.42,2480.00,240,577,
2021-01-31,185,6.43,2496.00,250,587,
2021-02-01,190,6.43,2512.00,260,596,
2021-02-02,192,6.47,2428.00,271,608,
2021-02-03,188,6.42,2504.00,270,610,
2021-02-04,189,6.41,2464.00,268,608,
2021-02-05,190,6.39,2424.00,266,606,
2021-02-06,194,6.42,2406.67,267,613,
2021-02-07,198,6.45,2389.33,269,619,
2021-02-08,202,6.48,2372.00,270,626,
2021-02-09,204,6.43,2492.00,276,630,
2021-02-10,196,6.44,2552.00,270,608,
2021-02-11,199,6.45,2516.00,274,624,
2021-02-12,202,6.45,2480.00,278,640,
2021-02-13,204,6.46,2466.67,279,650,
2021-02-14,206,6.46,2453.33,280,660,
2021-02-15,208,6.47,2440.00,281,670,
2021-02-16,214,6.40,2488.00,294,674,
2021-02-17,210,6.41,2492.00,294,670,
2021-02-18,216,6.42,2520.00,297,688,
2021-02-19,222,6.43,2548.00,300,706,
2021-02-20,221,6.42,2524.00,299,702,
2021-02-21,219,6.42,2500.00,298,698,
2021-02-22,218,6.41,2476.00,298,694,
2021-02-23,222,6.49,2620.00,301,698,
2021-02-24,220,6.38,2556.00,299,690,
2021-02-25,222,6.42,2560.00,302,695,
2021-02-26,224,6.46,2564.00,304,700,
2021-02-27,224,6.46,2533.33,302,699,
2021-02-28,224,6.47,2502.67,300,699,
2021-03-01,224,6.47,2472.00,298,698,
2021-03-02,210,6.45,2580.00,290,692,
2021-03-03,207,6.44,2626.00,286,671,
2021-03-04,204,6.43,2672.00,282,650,
2021-03-05,212,6.44,2548.00,286,664,
2021-03-06,212,6.44,2526.67,284,663,
2021-03-07,212,6.44,2505.33,282,661,
2021-03-08,212,6.44,2484.00,280,660,
2021-03-09,214,6.34,2396.00,286,686,
2021-03-10,216,6.43,2468.00,298,700,
2021-03-11,216,6.44,2492.00,296,697,
2021-03-12,216,6.45,2516.00,295,694,
2021-03-13,217,6.45,2537.33,296,695,
2021-03-14,219,6.45,2558.67,297,697,
2021-03-15,220,6.45,2580.00,298,698,
2021-03-16,212,6.42,2528.00,294,692,
2021-03-17,218,6.36,2576.00,303,704,
2021-03-18,220,6.41,2532.00,304,707,
2021-03-19,222,6.45,2488.00,305,710,
2021-03-20,223,6.45,2468.00,306,712,
2021-03-21,224,6.45,2448.00,306,714,
2021-03-22,225,6.44,2428.00,307,716,
2021-03-23,226,6.44,2408.00,308,718,
2021-03-24,212,6.39,2368.00,303,706,
2021-03-25,210,6.42,2438.00,301,704,
2021-03-26,208,6.44,2508.00,299,702,
2021-03-27,209,6.44,2488.00,300,701,
2021-03-28,209,6.45,2468.00,301,701,
2021-03-29,210,6.45,2448.00,302,700,
2021-03-30,216,6.46,2436.00,303,700,
2021-03-31,210,6.36,2488.00,302,698,
2021-04-01,211,6.36,2498.67,301,698,
2021-04-02,212,6.37,2509.33,301,699,
2021-04-03,213,6.37,2520.00,301,699,
2021-04-04,214,6.37,2530.67,301,699,
2021-04-05,215,6.38,2541.33,301,700,
2021-04-06,216,6.38,2552.00,301,700,
2021-04-07,211,6.44,2536.00,299,690,
2021-04-08,206,6.49,2520.00,298,680,
2021-04-09,206,6.47,2468.00,295,682,
2021-04-10,205,6.45,2500.00,294,679,
2021-04-11,205,6.44,2532.00,292,675,
2021-04-12,204,6.42,2564.00,290,672,
2021-04-13,200,6.36,2484.00,294,670,
2021-04-14,204,6.33,2616.00,290,670,
2021-04-15,202,6.33,2530.00,286,666,
2021-04-16,200,6.33,2444.00,282,662,
2021-04-17,200,6.35,2461.33,282,661,
2021-04-18,200,6.38,2478.67,282,661,
2021-04-19,200,6.40,2496.00,282,660,
2021-04-20,198,6.40,2492.00,275,652,
2021-04-21,198,6.37,2452.00,272,640,
2021-04-22,202,6.44,2532.00,266,628,
2021-04-23,201,6.42,2529.00,262,629,
2021-04-24,199,6.41,2526.00,258,629,
2021-04-25,198,6.39,2523.00,254,630,
2021-04-26,196,6.37,2520.00,250,630,
2021-04-27,197,6.36,2618.00,246,632,
2021-04-28,198,6.34,2716.00,241,634,
2021-04-29,196,6.40,2628.00,243,562,
2021-04-30,194,6.46,2540.00,245,490,
2021-05-01,187,6.47,2554.67,237,503,
2021-05-02,179,6.48,2569.33,229,515,
2021-05-03,172,6.49,2584.00,221,528,
2021-05-04,182,6.45,2668.00,212,528,
2021-05-05,187,6.44,2620.00,212,524,
2021-05-06,192,6.42,2572.00,211,519,
2021-05-07,172,6.45,2458.00,213,526,
2021-05-08,175,6.46,2514.67,205,502,
2021-05-09,177,6.48,2571.33,197,477,
2021-05-10,180,6.49,2628.00,190,453,
2021-05-11,174,6.40,2620.00,189,488,
2021-05-12,188,6.44,2696.00,190,478,
2021-05-13,176,6.44,2634.00,196,490,
2021-05-14,164,6.43,2572.00,202,502,
2021-05-15,163,6.43,2553.33,201,501,
2021-05-16,161,6.44,2534.67,200,499,
2021-05-17,160,6.44,2516.00,198,498,
2021-05-18,178,6.42,2584.00,206,512,
2021-05-19,168,6.35,2616.00,199,520,
2021-05-20,167,6.39,2620.80,197,504,
2021-05-21,166,6.43,2625.60,195,488,
2021-05-22,169,6.43,2630.40,206,511,
2021-05-23,171,6.42,2635.20,216,533,
2021-05-24,174,6.42,2640.00,226,556,
2021-05-25,180,6.42,2672.00,332,536,
2021-05-26,190,6.33,2596.00,231,504,
2021-05-27,188,6.40,2590.00,230,521,
2021-05-28,186,6.46,2584.00,229,538,
2021-05-29,183,6.44,2590.67,234,555,
2021-05-30,181,6.42,2597.33,239,573,
2021-05-31,178,6.40,2604.00,244,590,
2021-06-01,188,6.42,2628.00,247,570,
2021-06-02,191,6.38,2548.00,243,567,
2021-06-03,194,6.33,2468.00,239,564,
2021-06-04,202,6.40,2420.00,244,570,
2021-06-05,204,6.41,2390.67,246,595,
2021-06-06,206,6.42,2361.33,249,619,
2021-06-07,208,6.43,2332.00,251,644,
2021-06-08,196,6.43,2460.00,257,592,
2021-06-09,188,6.31,2352.00,254,616,
2021-06-10,189,6.36,2450.00,251,619,
2021-06-11,190,6.40,2548.00,248,622,
2021-06-12,196,6.39,2513.33,260,630,
2021-06-13,202,6.37,2478.67,272,638,
2021-06-14,208,6.36,2444.00,284,646,
2021-06-15,202,6.31,2432.00,293,670,
2021-06-16,201,6.33,2433.33,285,661,
2021-06-17,201,6.36,2434.67,277,653,
2021-06-18,200,6.38,2436.00,269,644,
2021-06-19,201,6.38,2432.00,271,653,
2021-06-20,203,6.38,2428.00,274,663,
2021-06-21,204,6.38,2424.00,276,672,
2021-06-22,206,6.39,2412.00,277,672,
2021-06-23,210,6.31,2376.00,278,650,
2021-06-24,209,6.33,2408.00,282,652,
2021-06-25,208,6.35,2440.00,286,654,
2021-06-26,211,6.36,2446.67,292,664,
2021-06-27,213,6.37,2453.33,298,674,
2021-06-28,216,6.38,2460.00,305,684,
2021-06-29,204,6.30,2372.00,281,672,
2021-06-30,216,6.35,2364.00,301,708,
2021-07-01,215,6.37,2406.00,305,714,
2021-07-02,214,6.39,2448.00,310,720,
2021-07-03,214,6.38,2444.00,309,721,
2021-07-04,214,6.36,2440.00,309,721,
2021-07-05,214,6.35,2436.00,308,722,
2021-07-06,216,6.30,2364.00,308,724,
2021-07-07,211,6.33,2428.00,299,712,
2021-07-08,206,6.36,2492.00,290,700,
2021-07-09,218,6.39,2560.00,307,720,
2021-07-10,216,6.39,2540.00,308,722,
2021-07-11,214,6.38,2520.00,309,724,
2021-07-12,212,6.38,2500.00,310,726,
2021-07-13,218,6.28,2540.00,311,730,
